row_id,split,rouge1_f1,rouge1_p,rouge1_r,rouge2_f1,rouge2_p,rouge2_r,rougeL_f1,rougeL_p,rougeL_r,bleu,meteor,parole_generate
425,train,0.19905213270142183,0.6,0.11931818181818182,0.029304029304029304,0.1111111111111111,0.016877637130801686,0.08421052631578947,0.32432432432432434,0.04838709677419355,0.0008769795888200283,0.10136623879050564,36
1639,train,0.29677419354838713,0.4791666666666667,0.21495327102803738,0.05714285714285714,0.1,0.04,0.1743119266055046,0.296875,0.12337662337662338,0.02312290591541822,0.24136459335507526,63
1739,train,0.31313131313131315,0.7380952380952381,0.1987179487179487,0.09252669039145907,0.25,0.056768558951965066,0.16382252559726965,0.42105263157894735,0.1016949152542373,0.005083204082617745,0.19715715168646974,54
