{
  "metodo": "bart",
  "scope": "sample",
  "config": {
    "checkpoint": "facebook/bart-large-cnn",
    "max_len": 300,
    "num_beams": 4,
    "max_input_tokens": 1024,
    "device": "cuda",
    "libreria": "transformers (parametri di pyAutoSummarizer.summ_ext_bart)"
  },
  "timestamp": "2026-07-14T07:58:30+00:00",
  "n_esempi": 100,
  "overall": {
    "rouge1_f1": 0.2603076400556278,
    "rouge1_p": 0.5297044231142207,
    "rouge1_r": 0.1772640352016147,
    "rouge2_f1": 0.07168731882461947,
    "rouge2_p": 0.17253509334298653,
    "rouge2_r": 0.04660175734561311,
    "rougeL_f1": 0.13899929388636004,
    "rougeL_p": 0.340121233685227,
    "rougeL_r": 0.0900407736557004,
    "bleu": 0.01581061401679124,
    "meteor": 0.1636499885604578,
    "parole_generate": 55.78
  },
  "per_split": {
    "test": {
      "n_esempi": 8,
      "rouge1_f1": 0.2527943222175585,
      "rouge1_p": 0.5219759925243054,
      "rouge1_r": 0.1697328617163717,
      "rouge2_f1": 0.07148620355555874,
      "rouge2_p": 0.17564999886885274,
      "rouge2_r": 0.04562144310980421,
      "rougeL_f1": 0.12248219007800702,
      "rougeL_p": 0.3160788574021116,
      "rougeL_r": 0.07707311804475622,
      "bleu": 0.00841049930631558,
      "meteor": 0.15263770762665413,
      "parole_generate": 58.25
    },
    "train": {
      "n_esempi": 81,
      "rouge1_f1": 0.25604428355494724,
      "rouge1_p": 0.5234929162723763,
      "rouge1_r": 0.17393216372956957,
      "rouge2_f1": 0.06760323755244915,
      "rouge2_p": 0.16449020225448538,
      "rouge2_r": 0.04363974079297758,
      "rougeL_f1": 0.13746998433999955,
      "rougeL_p": 0.337499287192433,
      "rougeL_r": 0.0888335427582506,
      "bleu": 0.01333901352130365,
      "meteor": 0.16139722636035828,
      "parole_generate": 55.77777777777778
    },
    "val": {
      "n_esempi": 11,
      "rouge1_f1": 0.2971656781701445,
      "rouge1_p": 0.5810643775604681,
      "rouge1_r": 0.20727594221230597,
      "rouge2_f1": 0.10190727384264497,
      "rouge2_p": 0.22950936006677408,
      "rouge2_r": 0.06912592595015389,
      "rougeL_f1": 0.16227301240654401,
      "rougeL_p": 0.3769136587926127,
      "rougeL_r": 0.10836140525397199,
      "bleu": 0.039392482909363896,
      "meteor": 0.18824744180395683,
      "parole_generate": 54.0
    }
  }
}