{
  "metodo": "lexrank",
  "scope": "full",
  "config": {
    "n_sentences": 11,
    "stop_words": [
      "en"
    ],
    "libreria": "pyAutoSummarizer 1.2.0"
  },
  "timestamp": "2026-07-13T08:00:46+00:00",
  "n_esempi": 55894,
  "overall": {
    "rouge1_f1": 0.3641898600796998,
    "rouge1_p": 0.30772693360527015,
    "rouge1_r": 0.4794515117262006,
    "rouge2_f1": 0.13693961996333814,
    "rouge2_p": 0.11060675231629169,
    "rouge2_r": 0.19685835489753678,
    "rougeL_f1": 0.16951487355403122,
    "rougeL_p": 0.13039193988622505,
    "rougeL_r": 0.26585075464664293,
    "bleu": 0.0835910617610864,
    "meteor": 0.5022497381108285,
    "parole_generate": 449.5351558306795
  },
  "per_split": {
    "test": {
      "n_esempi": 5588,
      "rouge1_f1": 0.36513483900691124,
      "rouge1_p": 0.30829614967120905,
      "rouge1_r": 0.4816301246720077,
      "rouge2_f1": 0.13683435512183706,
      "rouge2_p": 0.11020968456724278,
      "rouge2_r": 0.19790936167116588,
      "rougeL_f1": 0.16934507027969783,
      "rougeL_p": 0.1300264774972315,
      "rougeL_r": 0.2665529239184245,
      "bleu": 0.08285226944933682,
      "meteor": 0.5037021579085252,
      "parole_generate": 450.12437365783825
    },
    "train": {
      "n_esempi": 44714,
      "rouge1_f1": 0.3641376450090954,
      "rouge1_p": 0.3076790954896484,
      "rouge1_r": 0.47927396332228833,
      "rouge2_f1": 0.13691744800260355,
      "rouge2_p": 0.11061888931772695,
      "rouge2_r": 0.19670895077413045,
      "rougeL_f1": 0.16960040385232872,
      "rougeL_p": 0.13047137112449309,
      "rougeL_r": 0.2658739735060211,
      "bleu": 0.08359154898138614,
      "meteor": 0.5021005891744247,
      "parole_generate": 449.79259292391646
    },
    "val": {
      "n_esempi": 5592,
      "rouge1_f1": 0.36366307224381744,
      "rouge1_p": 0.3075406414245556,
      "rouge1_r": 0.4786941458805932,
      "rouge2_f1": 0.13722209796523271,
      "rouge2_p": 0.11090648777757735,
      "rouge2_r": 0.1970027451198098,
      "rougeL_f1": 0.16900064947300475,
      "rougeL_p": 0.130122003448775,
      "rougeL_r": 0.26496342811428425,
      "bleu": 0.08432542976352288,
      "meteor": 0.5019909619507485,
      "parole_generate": 446.8878755364807
    }
  }
}