{
  "metodo": "lexrank",
  "scope": "sample",
  "config": {
    "n_sentences": 11,
    "stop_words": [
      "en"
    ],
    "libreria": "pyAutoSummarizer 1.2.0"
  },
  "timestamp": "2026-07-11T18:48:53+00:00",
  "n_esempi": 99,
  "overall": {
    "rouge1_f1": 0.3747382976055879,
    "rouge1_p": 0.32177741277968025,
    "rouge1_r": 0.480013280862619,
    "rouge2_f1": 0.14072258013486186,
    "rouge2_p": 0.11444316613609484,
    "rouge2_r": 0.19732675974538255,
    "rougeL_f1": 0.17335243665301764,
    "rougeL_p": 0.1355579279420092,
    "rougeL_r": 0.2620149579200482,
    "bleu": 0.08862086399199129,
    "meteor": 0.5105332585274158,
    "parole_generate": 436.1010101010101
  },
  "per_split": {
    "test": {
      "n_esempi": 8,
      "rouge1_f1": 0.40313510559047266,
      "rouge1_p": 0.3624741313173257,
      "rouge1_r": 0.4691826622451545,
      "rouge2_f1": 0.17038457009528027,
      "rouge2_p": 0.14659652946713803,
      "rouge2_r": 0.21214686510404945,
      "rougeL_f1": 0.18299028746674878,
      "rougeL_p": 0.14457115428679732,
      "rougeL_r": 0.25549775903174,
      "bleu": 0.10748799554639454,
      "meteor": 0.5165099446966767,
      "parole_generate": 435.375
    },
    "train": {
      "n_esempi": 80,
      "rouge1_f1": 0.36994876680529865,
      "rouge1_p": 0.3151990069931187,
      "rouge1_r": 0.48016997316708815,
      "rouge2_f1": 0.138501289749275,
      "rouge2_p": 0.11198126264269422,
      "rouge2_r": 0.19705006234737898,
      "rougeL_f1": 0.1725401537329419,
      "rougeL_p": 0.13431086648759277,
      "rougeL_r": 0.26384750010842045,
      "bleu": 0.08609649572584174,
      "meteor": 0.5106528987825192,
      "parole_generate": 441.5625
    },
    "val": {
      "n_esempi": 11,
      "rouge1_f1": 0.38891902489141206,
      "rouge1_p": 0.34002275047274927,
      "rouge1_r": 0.48675051400645475,
      "rouge2_f1": 0.1353050629679167,
      "rouge2_p": 0.10896365457461349,
      "rouge2_r": 0.18856084601546907,
      "rougeL_f1": 0.17225060275267293,
      "rougeL_p": 0.13807239208700997,
      "rougeL_r": 0.25342715937792887,
      "bleu": 0.09325835570624048,
      "meteor": 0.5053164667308375,
      "parole_generate": 396.90909090909093
    }
  }
}