{
  "metodo": "mistral",
  "scope": "sample",
  "config": {
    "modello": "mistral:7b-instruct-v0.3-q4_K_M",
    "backend": "ollama (endpoint OpenAI-compatibile)",
    "max_tokens": 300,
    "temperature": 0.3,
    "prompt_system": "You are a helpful assistant that summarizes news articles from different sources concisely.",
    "prompt_user": "Summarize the following document into a comprehensive summary: {documento}",
    "note": "prompt zero-shot in inglese; stesso modello della corsa originale LM Studio (mistral-7b-instruct-v0.3; il nome \"small3\" del notebook di origine era improprio), quantizzazione Q4_K_M come qwen"
  },
  "timestamp": "2026-07-17T09:20:25+00:00",
  "n_esempi": 100,
  "overall": {
    "rouge1_f1": 0.3505280003235437,
    "rouge1_p": 0.4136324808623618,
    "rouge1_r": 0.31728632982540067,
    "rouge2_f1": 0.10216810359959436,
    "rouge2_p": 0.12619938819189325,
    "rouge2_r": 0.09062316695823946,
    "rougeL_f1": 0.1854416674376102,
    "rougeL_p": 0.22905408647859837,
    "rougeL_r": 0.16497471664803226,
    "bleu": 0.06245924824768479,
    "meteor": 0.35127694743067456,
    "parole_generate": 161.9
  },
  "per_split": {
    "test": {
      "n_esempi": 8,
      "rouge1_f1": 0.3310485735934561,
      "rouge1_p": 0.4053312700582158,
      "rouge1_r": 0.2920318962276417,
      "rouge2_f1": 0.09520034843217264,
      "rouge2_p": 0.12197798123322649,
      "rouge2_r": 0.08225571531141924,
      "rougeL_f1": 0.170136668626837,
      "rougeL_p": 0.2237465720840766,
      "rougeL_r": 0.14507823429590772,
      "bleu": 0.06254657679196474,
      "meteor": 0.31743885117272314,
      "parole_generate": 165.625
    },
    "train": {
      "n_esempi": 81,
      "rouge1_f1": 0.34740119554538557,
      "rouge1_p": 0.41005152837124326,
      "rouge1_r": 0.3133422242627827,
      "rouge2_f1": 0.10001544475922136,
      "rouge2_p": 0.12351826100266772,
      "rouge2_r": 0.08818151901818645,
      "rougeL_f1": 0.1847418491276567,
      "rougeL_p": 0.22782047189428745,
      "rougeL_r": 0.16368953195312633,
      "bleu": 0.06090955280118992,
      "meteor": 0.35046186229146087,
      "parole_generate": 162.08641975308643
    },
    "val": {
      "n_esempi": 11,
      "rouge1_f1": 0.3877195094936804,
      "rouge1_p": 0.44603855706361345,
      "rouge1_r": 0.3646961497666851,
      "rouge2_f1": 0.12308695881864762,
      "rouge2_p": 0.1490123480097663,
      "rouge2_r": 0.11468799389631729,
      "rougeL_f1": 0.20172578321873919,
      "rougeL_p": 0.24199798615908552,
      "rougeL_r": 0.18890851838479367,
      "bleu": 0.07380713032148888,
      "meteor": 0.38188846255248604,
      "parole_generate": 157.8181818181818
    }
  }
}