row_id,split,rouge1_f1,rouge1_p,rouge1_r,rouge2_f1,rouge2_p,rouge2_r,rougeL_f1,rougeL_p,rougeL_r,bleu,meteor,parole_generate
425,train,0.47019867549668876,0.5634920634920635,0.4034090909090909,0.23113207547169812,0.2620320855614973,0.20675105485232068,0.27210884353741494,0.31088082901554404,0.24193548387096775,0.16459280773941226,0.46185440605283345,189
1639,train,0.3333333333333333,0.3217391304347826,0.34579439252336447,0.12861736334405147,0.12422360248447205,0.13333333333333333,0.2236024844720497,0.21428571428571427,0.23376623376623376,0.0966305061536054,0.43073196301515937,167
1739,train,0.49805447470817116,0.6336633663366337,0.41025641025641024,0.23809523809523808,0.30201342281879195,0.1965065502183406,0.25757575757575757,0.31875,0.21610169491525424,0.15659563438289173,0.4684762998967137,157
