{
  "metodo": "pegasus",
  "scope": "sample",
  "config": {
    "checkpoint": "google/pegasus-multi_news",
    "min_len": 32,
    "max_len": 256,
    "num_beams": 4,
    "length_penalty": 2.0,
    "max_input_tokens": 1024,
    "device": "cuda",
    "note": "niente prefisso summarize:, checkpoint multi_news (leakage su split train)",
    "libreria": "transformers (parametri di pyAutoSummarizer.summ_abst_pegasus)"
  },
  "timestamp": "2026-07-14T12:44:32+00:00",
  "n_esempi": 100,
  "overall": {
    "rouge1_f1": 0.4700259870097103,
    "rouge1_p": 0.5331074407844688,
    "rouge1_r": 0.42834574265697023,
    "rouge2_f1": 0.23028980880855876,
    "rouge2_p": 0.26259659466235113,
    "rouge2_r": 0.21028497415293082,
    "rougeL_f1": 0.28023416401242895,
    "rougeL_p": 0.3109156366607491,
    "rougeL_r": 0.2616430087985172,
    "bleu": 0.17415749623069451,
    "meteor": 0.4690451518792982,
    "parole_generate": 187.15
  },
  "per_split": {
    "test": {
      "n_esempi": 8,
      "rouge1_f1": 0.476434885550483,
      "rouge1_p": 0.5352333141469374,
      "rouge1_r": 0.43530675840923,
      "rouge2_f1": 0.2559848762709332,
      "rouge2_p": 0.28734167914858033,
      "rouge2_r": 0.23598330504846052,
      "rougeL_f1": 0.29042708668738476,
      "rougeL_p": 0.3251139761361888,
      "rougeL_r": 0.26866563242062985,
      "bleu": 0.20982704253449824,
      "meteor": 0.4748856512287814,
      "parole_generate": 199.875
    },
    "train": {
      "n_esempi": 81,
      "rouge1_f1": 0.47283414232981247,
      "rouge1_p": 0.5364013162685446,
      "rouge1_r": 0.4311036619571872,
      "rouge2_f1": 0.23492573024760197,
      "rouge2_p": 0.26785941077814457,
      "rouge2_r": 0.21480685215149403,
      "rougeL_f1": 0.2849657190029257,
      "rougeL_p": 0.316466396049142,
      "rougeL_r": 0.2662788883288016,
      "bleu": 0.17765108075624447,
      "meteor": 0.4720022043882836,
      "parole_generate": 186.77777777777777
    },
    "val": {
      "n_esempi": 11,
      "rouge1_f1": 0.44468673525930547,
      "rouge1_p": 0.5073064497744786,
      "rouge1_r": 0.4029748708991834,
      "rouge2_f1": 0.17746524733024088,
      "rouge2_p": 0.20584670545606928,
      "rouge2_r": 0.15829781369403462,
      "rougeL_f1": 0.23797967895516656,
      "rougeL_p": 0.2597157979095361,
      "rougeL_r": 0.22239871507761427,
      "bleu": 0.12249052195796946,
      "meteor": 0.4430228566044173,
      "parole_generate": 180.63636363636363
    }
  }
}