{
  "metodo": "textrank",
  "scope": "full",
  "config": {
    "n_sentences": 11,
    "st_model": "all-MiniLM-L6-v2",
    "stop_words": [
      "en"
    ],
    "device": "cuda",
    "libreria": "pyAutoSummarizer 1.2.0"
  },
  "timestamp": "2026-07-12T21:27:31+00:00",
  "n_esempi": 55894,
  "overall": {
    "rouge1_f1": 0.36826566658308996,
    "rouge1_p": 0.32929795402103534,
    "rouge1_r": 0.44570556619889506,
    "rouge2_f1": 0.1348112856906645,
    "rouge2_p": 0.11523264655826643,
    "rouge2_r": 0.17691714107882017,
    "rougeL_f1": 0.17550329120104444,
    "rougeL_p": 0.1444983003669425,
    "rougeL_r": 0.245405986451188,
    "bleu": 0.08873642890980557,
    "meteor": 0.4755645885075611,
    "parole_generate": 367.3074748631338
  },
  "per_split": {
    "test": {
      "n_esempi": 5588,
      "rouge1_f1": 0.369682004915476,
      "rouge1_p": 0.33003283403108086,
      "rouge1_r": 0.4481281324200551,
      "rouge2_f1": 0.13514141517526196,
      "rouge2_p": 0.11501692772209719,
      "rouge2_r": 0.17821236741343616,
      "rougeL_f1": 0.17584426258547797,
      "rougeL_p": 0.1443628758860457,
      "rougeL_r": 0.24678697298862803,
      "bleu": 0.08833747859768126,
      "meteor": 0.4874044973387083,
      "parole_generate": 368.0001789549034
    },
    "train": {
      "n_esempi": 44714,
      "rouge1_f1": 0.36835250364485644,
      "rouge1_p": 0.3294639582857238,
      "rouge1_r": 0.4456271689122679,
      "rouge2_f1": 0.13481417283486136,
      "rouge2_p": 0.11531526284973342,
      "rouge2_r": 0.1767708899631016,
      "rougeL_f1": 0.17552788983713413,
      "rougeL_p": 0.14457180907927325,
      "rougeL_r": 0.24530184101963085,
      "bleu": 0.08877423352362383,
      "meteor": 0.47302929834359697,
      "parole_generate": 367.41548508297177
    },
    "val": {
      "n_esempi": 5592,
      "rouge1_f1": 0.3661559865077679,
      "rouge1_p": 0.3272362186513262,
      "rouge1_r": 0.44391160272078445,
      "rouge2_f1": 0.13445830655519417,
      "rouge2_p": 0.1147876057857088,
      "rouge2_r": 0.17679227477524456,
      "rougeL_f1": 0.17496587140305975,
      "rougeL_p": 0.14404584747640148,
      "rougeL_r": 0.24485874146825365,
      "bleu": 0.08883280566979845,
      "meteor": 0.48400549584716107,
      "parole_generate": 365.7516094420601
    }
  }
}