{
  "metodo": "textrank",
  "scope": "sample",
  "config": {
    "n_sentences": 11,
    "st_model": "all-MiniLM-L6-v2",
    "stop_words": [
      "en"
    ],
    "device": "cpu",
    "libreria": "pyAutoSummarizer 1.2.0"
  },
  "timestamp": "2026-07-11T18:56:15+00:00",
  "n_esempi": 99,
  "overall": {
    "rouge1_f1": 0.37684714752367116,
    "rouge1_p": 0.3413657096750622,
    "rouge1_r": 0.44649314106583093,
    "rouge2_f1": 0.13813135713745428,
    "rouge2_p": 0.11829288411665079,
    "rouge2_r": 0.17872607973839916,
    "rougeL_f1": 0.17576368021010055,
    "rougeL_p": 0.14717231135997785,
    "rougeL_r": 0.23745844239622224,
    "bleu": 0.09373375199276877,
    "meteor": 0.4914744165326772,
    "parole_generate": 359.44444444444446
  },
  "per_split": {
    "test": {
      "n_esempi": 8,
      "rouge1_f1": 0.39438774051141123,
      "rouge1_p": 0.36904728642472284,
      "rouge1_r": 0.43420310343954194,
      "rouge2_f1": 0.15455942313242516,
      "rouge2_p": 0.14076127711409828,
      "rouge2_r": 0.17696981144046156,
      "rougeL_f1": 0.16809683464469755,
      "rougeL_p": 0.142759371666467,
      "rougeL_r": 0.2105101529816916,
      "bleu": 0.0982302710175518,
      "meteor": 0.47777707817033055,
      "parole_generate": 363.75
    },
    "train": {
      "n_esempi": 80,
      "rouge1_f1": 0.374002949248195,
      "rouge1_p": 0.33773990028771517,
      "rouge1_r": 0.4469689574395418,
      "rouge2_f1": 0.1383751278749041,
      "rouge2_p": 0.11791953943101789,
      "rouge2_r": 0.18152036584411,
      "rougeL_f1": 0.17809576604085448,
      "rougeL_p": 0.1486940295591877,
      "rougeL_r": 0.24283996587993112,
      "bleu": 0.09442512006623463,
      "meteor": 0.4936794837438253,
      "parole_generate": 361.3375
    },
    "val": {
      "n_esempi": 11,
      "rouge1_f1": 0.3847754309905961,
      "rouge1_p": 0.3476031766741966,
      "rouge1_r": 0.45197086753068944,
      "rouge2_f1": 0.12441079468693127,
      "rouge2_p": 0.10466746874129185,
      "rouge2_r": 0.15968128500445664,
      "rougeL_f1": 0.16437894367036504,
      "rougeL_p": 0.13931468059736848,
      "rougeL_r": 0.21791884572527068,
      "bleu": 0.08543542489499319,
      "meteor": 0.48539926471512584,
      "parole_generate": 342.54545454545456
    }
  }
}