"row_id"	"generated_summary"
"425"	"A Republican campaign mailer in Connecticut depicting Democratic state Rep. Matthew Lesser — who is Jewish — as a money-grubbing caricature has drawn widespread condemnation as anti‑Semitic. The full‑color, double‑sided piece, sent by GOP state Senate candidate Ed Charamut in the Middletown-area district, used an altered photograph of Lesser with exaggerated eyes and hands clutching $100 bills alongside the tagline “Matt Lesser will take everything you worked for.” Critics said the imagery invoked an age-old anti‑Jewish trope.

Lesser and Jewish leaders reacted with shock and outrage, noting the mailer arrived shortly after the Pittsburgh synagogue massacre and saying the image revived longstanding stereotypes. The Connecticut Anti‑Defamation League and scholars called the ad “reprehensible” and “deeply offensive.” Media commentators and others framed the mailer in the context of heightened concerns about rising anti‑Semitism and racially charged political advertising nationally.

Allan Greenspan, Charamut’s Jewish campaign treasurer, acknowledged the candidate’s eyes were altered to look “bigger and greedy,” and Charamut initially defended the piece as commentary on tax policy, denying hateful intent. After mounting criticism, Charamut’s campaign apologized, saying the imagery could be interpreted as anti‑Semitic and expressing regret; the state GOP chair also reversed course, acknowledged the ad’s offensive undertones, said the party had not approved it, and said he would meet with the ADL to learn more.

The episode prompted broader discussion of divisive campaign tactics and the role of national rhetoric in emboldening bigotry, with Democrats blaming President Trump’s rhetoric for fostering an environment that tolerates such attacks."
"1639"	"A group of six women Greenpeace activists climbed the Shard in London on 11 July 2013 to protest Shell’s Arctic drilling. Starting in the early hours after gaining access from the roof of London Bridge station, they used a mix of rope-access, traditional climbing and sections of free-climbing on the Shard’s external metal frame. After a 16‑hour ascent they reached the 310 m summit, unfurled “Save the Arctic” flags and displayed large artwork aimed at drawing attention to Arctic oil and gas development. Greenpeace named the climbers and livestreamed parts of the action; the charity said the location was chosen because the Shard is near Shell’s London offices and resembles a shard of ice.

The Met Police arrested all six on suspicion of aggravated trespass. The Shard’s viewing platform was temporarily closed for safety; building management and emergency teams worked with authorities to protect protesters, staff and the public. Greenpeace framed the action as part of a global campaign against Arctic drilling; Shell said it respected free expression, defended responsible Arctic operations and emphasised its experience and safety work in the region. Observers noted the climb used standard industrial-access equipment and involved significant risk but followed techniques common to building access workers."
"1739"	"Knightscope’s security robots (notably the 300-pound, five-foot-tall K5) can perform thermal imaging to monitor critical equipment temperatures, trigger alerts at set thresholds, capture data for historical analysis/pattern recognition, and detect fires. The company markets these robots for crime prevention and surveillance—equipped with 360° video and license-plate reading capabilities—and leases them to clients.

News coverage focused on a recent Mountain View incident: on April 19 a reportedly intoxicated 41-year-old man, Jason Sylvain, allegedly knocked a Knightscope K5 over while it was patrolling a company parking lot. The robot sounded alarms and the suspect fled but was detained by employees and arrested by police on charges including prowling and public intoxication. Knightscope said the robot detected the assault, sounded alarms, and sustained only scratches before returning to patrol. The episode recalled prior incidents (including a K5 running over a toddler’s foot last year) and prompted public discussion about how people and robots interact, whether laws or behavioral changes are needed, and how robots should be programmed to handle human interference."
"1952"	"A new USGS-led study of a previously underexamined ~100-mile stretch of the San Andreas Fault — from the Antelope Valley through the Grapevine/Tejon Pass area near Frazier Park — finds that large earthquakes have occurred there roughly every 100 years. By identifying ten prehistoric events over the past ~1,200 years, researchers conclude this segment is about 160 years past its average recurrence interval and is therefore overdue for a major quake. Most of the identified events were magnitude ~7.5 or larger, which could cause widespread disruption (for example to power and to Interstate 5 access into Los Angeles). Scientists emphasize the findings are not a reason to panic but to reinforce preparedness for a large earthquake on this part of the fault. (The document also briefly mentions internet-archiving efforts aimed at preventing broken links.)"
"2082"	"Kellogg Co. announced it is halting operations in Venezuela, citing the country’s severe economic and social deterioration. The plant employed about 400 workers and produced most locally consumed breakfast cereal. The company said it had written off its Venezuela assets and warned it is not responsible for any unauthorized use of its brands.

President Nicolás Maduro moved quickly to seize Kellogg’s local units and said they would be handed over to workers; he also announced judicial proceedings against the company, calling the exit unconstitutional. The takeover follows a pattern in Venezuela where the government has seized or nationalized facilities after multinational withdrawals (e.g., Kimberly‑Clark, Clorox). Maduro blames the crisis on an “economic war” by foreign and domestic actors.

Companies operating in Venezuela have struggled with hyperinflation, strict currency controls that limit imports, shortages of raw materials, and government price controls that often force sales below cost. Several multinationals — including General Mills, Procter & Gamble, Clorox, Kimberly‑Clark and others — have scaled back, exited or had assets expropriated amid the country’s shortages and protests. Kellogg said it hopes to return in the future but warned it will pursue legal action to protect its trademarks and assets."
"2847"	"Sudanese President Omar al-Bashir, wanted by the International Criminal Court on genocide, war crimes and crimes against humanity charges over atrocities in Darfur, left South Africa on June 15–16 while a Pretoria court was considering an application to order his arrest. The Southern Africa Litigation Centre and other rights groups had sought enforcement of ICC arrest warrants from 2009 and 2010; a South African judge had ordered al-Bashir to remain in the country and instructed ports to bar his exit. Despite that order, al-Bashir’s plane was moved from Johannesburg’s Tambo Airport to the Waterkloof military air base and he departed for Khartoum before the detention ruling was finalized. South African and Sudanese officials confirmed his return; Sudan welcomed him with public celebrations.

The incident sparked domestic and international criticism. Rights groups and opposition politicians accused the South African government of flouting the rule of law and failing to execute its obligations as a Rome Statute signatory. The U.N., ICC officials and some foreign governments said South Africa must comply with its treaty duties, while some African leaders and South African ruling-party figures argued the ICC disproportionately targets Africans and defended allowing al-Bashir’s summit attendance. The episode renewed scrutiny of the ICC’s effectiveness and political pressures facing states asked to arrest powerful sitting leaders. The Darfur conflict, which led to the charges, has killed hundreds of thousands and displaced millions since 2003."
"3003"	"Budweiser’s Super Bowl commercial ""Brotherhood"" — about a man who raises a baby Clydesdale and later reunites with it, set to Fleetwood Mac’s “Landslide” — has become the No. 3 most‑shared Super Bowl ad ever, according to Unruly. By Monday it had more than 1.5 million shares (mostly on Facebook), trailing Volkswagen’s 2011 ""The Force"" (5.5M) and Budweiser’s own ""9/11"" spot (2.3M). The foal, born Jan. 16, was the subject of Budweiser’s first tweet asking fans to name it; Bud’s Facebook post of the ad received 19,000+ likes and 16,000+ shares. The spot ranks No. 24 on the list of most‑shared ads overall.

The write‑up also highlights other standout Super Bowl ads: a late‑game Dodge commercial that used Paul Harvey’s 1978 “So God Made a Farmer” speech over farm images, noted for its emotional impact (and similarity to a 2011 Farms.com YouTube video). It concludes that many Super Bowl spots feel less remarkable now because high‑quality content appears daily online.

Separately, Coca‑Cola’s second‑consecutive integrated TV+online campaign, ""Coke Chase,"" had mixed results. The interactive race site drew 1.3 million visitors, 910,000 votes and 7.3 million “sabotages,” but overall participation was lower than Coke’s 2012 polar‑bear live feed (about 9 million check‑ins). Technical glitches during the game hindered functionality for some users. Still, Coke’s 60‑second Coke Chase spot has been viewed 2.5 million times, outpacing the 1.7 million combined views of the 2012 polar‑bear videos."
"4558"	"The Millennium Tower, a 58-story luxury condominium in downtown San Francisco completed in 2009, has become a focal point of public concern, legal battles and engineering debate after it was discovered to be sinking and tilting. Owner and resident accounts, investigative reporting (including a 60 Minutes segment), satellite data and engineering studies show the building has settled roughly 17 inches since construction began and leans about 14 inches toward the northwest. Residents report widening cracks in basement columns, stress gauges monitoring movement, and dramatic everyday effects (e.g., marbles rolling on tilted floors). Some owners have sold at steep losses and others fear seismic safety, though city reviews to date have concluded the tower still meets performance-based seismic criteria.

The root of the problem is contested. Millennium Partners and some owners blame nearby construction—especially the Transbay Transit Center project—for destabilizing soil by groundwater pumping. Independent Bay Area geotechnical engineers and critics point to a different, central issue: the tower’s 900 concrete piles extend only 60–91 feet into dense sand and rubble rather than down to bedrock about 200 feet below, and the heavy concrete structure was not anchored to bedrock as many argue it should have been. That combination of heavy weight and non-uniform settlement into bay fill and historic landfill is consistent with ongoing sinking and tilting.

There are many parties involved in litigation—developers, engineers, the Transbay authority, contractors, the homeowners association, the city and high-profile owners—and mediation is ongoing. Proposed technical remedies under study include installing 50–100 new large-diameter piles drilled from the basement down to bedrock (estimated cost roughly $100–150 million), which engineers say could stabilize and re-level the building while residents might be allowed to stay during work. Other proposed, less practical options discussed publicly included freezing the ground or removing upper stories.

The controversy has prompted the city to tighten review of high-rise foundation designs (though bedrock anchoring is not universally required) and triggered reassessments for some owners’ property taxes. Responsibility for costs remains unresolved and will likely be litigated, but officials and many stakeholders express the priority should be to implement a fix quickly and settle financial and legal disputes afterward."
"4679"	"Summary:

Abdul Qadeer Khan, the founder of Pakistan’s nuclear weapons program, provided documents — including a July 15, 1998 letter he says was written by North Korean Workers’ Party Secretary Jon Byong Ho — claiming North Korea paid more than $3 million in kickbacks to senior Pakistani military officers in exchange for nuclear-related technology and components in the late 1990s. Khan says he personally delivered payments totaling about $3 million (plus an earlier $0.5 million and gifts) to two generals; the North Korean letter, marked “Secret,” requests that “agreed documents, components, etc.” be loaded on a North Korean plane after missile deliveries.

The materials were given to Simon Henderson of the Washington Institute for Near East Policy and shared with Western media. Some U.S. and IAEA-related experts told The Washington Post the letter’s details and signature appear authentic and fit known facts about Pakistan’s assistance to North Korea (including centrifuge designs similar to the P2 model Khan trafficked). Other analysts find the account plausible given later North Korean uranium-enrichment developments observed at Yongbyon.

Pakistani officials named in the accusations — retired generals Jehangir Karamat and Zulfiqar Khan — and Pakistani government sources have strongly denied the claims, calling the letter a fabrication and arguing Khan is trying to shift blame for his illicit proliferation activities. Pakistani probes and a prior U.S. inquiry produced inconclusive results, in part because U.S. investigators were restricted from questioning Khan. Khan’s credibility is contested domestically: some hail him as a hero while others accuse him of profiting personally and acting without official sanction.

If genuine, the letter would be a striking instance of corruption linking Pakistan’s military to illicit technology transfers that helped North Korea pursue a uranium-based bomb route. However, independent verification remains lacking, and experts remain divided over whether the documents prove high-level complicity or merely Khan’s assertions of wider involvement."
"5164"	"A new Commonwealth Fund report comparing 11 high-income countries finds the United States ranks last overall in health system performance despite spending far more per person than any peer. The study evaluated access, quality, efficiency and equity across Australia, Canada, France, Germany, the Netherlands, New Zealand, Norway, Sweden, Switzerland, the U.K., and the U.S. The U.K.’s single-payer system ranked first; Switzerland placed second.

Key findings:
- The U.S. spends the most per capita ($8,508) but performs worse than most peers on outcomes, access, efficiency and equity.
- Major U.S. shortcomings include limited access to primary care (especially for low-income groups), a shortage of primary care physicians, high out-of-pocket barriers that lead people to skip care or prescriptions, high infant mortality, excess deaths from controllable conditions (e.g., hypertension), and lower healthy life expectancy at older ages.
- U.S. physicians struggle with care coordination, timely information exchange and administrative burdens, though preventive and patient-centered care areas score relatively well.
- The data were collected prior to full implementation of the Affordable Care Act, so expanded coverage from the ACA could improve future rankings, but authors say deeper reforms in accountability, information systems and incentives will be needed to close gaps.

Analysts note that countries that improved their rankings (e.g., the U.K.) did so through systematic reforms: increasing resources, boosting primary and specialist capacity, rewarding quality, and adopting health information systems. The report’s lead author emphasizes the need for accountability and broad professional buy-in to achieve meaningful improvement in U.S. health system performance."
"5229"	"A 1-year-old girl, Katera Barker, died after being accidentally left in a pickup truck in East Nashville on May 23, 2018. Her father, Matt Barker, dropped the couple’s 5-year-old at daycare around 7:30 a.m. and unintentionally left Katera in her rear-facing car seat in the truck. He returned home briefly, then left by rideshare for a business flight. The mother, Jenny Barker, drove to work thinking both children were at daycare; she only discovered that Katera had not been dropped off when she went to pick up the children that evening. She called her husband, returned home, found Katera in the vehicle around 5:30–5:42 p.m., performed CPR until paramedics arrived, and the child was pronounced dead at Vanderbilt Children’s Hospital.

Temperatures that day were in the upper 80s and interior vehicle heat can rise rapidly—often reaching life-threatening levels in an hour—so the truck’s interior likely exceeded 100°F. Police say the parents are cooperating with an ongoing investigation and no charges have been filed. The death is at least the seventh hot-car child fatality in the U.S. so far that year; NoHeatStroke.org reports 749 vehicular heatstroke deaths of children since 1998.

Authorities and safety advocates recommend simple memory aids to prevent such tragedies, such as placing a purse, shoe, stuffed animal, phone, or other essential item in the back seat with the child so caregivers must check the rear before leaving the vehicle. Tennessee law protects some Good Samaritans who rescue children from locked cars, but requires callers to notify 911 or law enforcement before forcing entry."
"5697"	"A disruptive passenger aboard United Flight 116 from Hong Kong to Newark was restrained by fellow travelers and taken into custody and hospitalized after demanding the plane be diverted to Canada and ranting about the CIA, Edward Snowden and being targeted.

Passengers said the man, identified by officials as Daniel Morgan Perry and reportedly an American in his 30s, became loud and paranoid about nine hours into the roughly 15–16 hour flight, accusing others of working for U.S. intelligence, saying he was being poisoned and repeatedly proclaiming “I’m dead.” Several passengers and a flight attendant subdued him with plastic restraints supplied by the crew; there were no air marshals on board. He was escorted off the plane by FBI agents when it landed at Newark Liberty International Airport and taken to University Hospital for observation. United said it followed procedures and completed the flight as scheduled. Passengers who sat with him afterward said he appeared unstable, responded to calming conversation, and at one point asked to be arrested, saying he didn’t want to frighten children. The FBI has been working to clarify his statements."
"6078"	"Over the past ten days Donald Trump’s standing has declined sharply across key swing states, erasing gains Republicans had hoped would carry into Election Day and putting their prospects for holding Congress at risk. Public polls show Trump trailing in Pennsylvania and slipping in Florida and North Carolina; private polling indicates even larger losses among independents, moderate Republicans and women. Republican leaders who had softened criticism now face urgent decisions about whether to distance themselves from Trump, possibly as soon as after Sunday’s debate.

Trump has shifted his electoral hopes westward—campaigning in Colorado, Arizona and Nevada—seeking a narrow path to 270 electoral votes similar to past Republican strategies. But Clinton’s strong first-debate performance and Trump’s post-debate missteps have made Western states more competitive than anticipated. In Colorado, post-debate polls show Clinton leading by double digits in some measures, and suburban women and growing Hispanic and millennial populations remain key to victory. Arizona and Nevada have tightened, with Nevada polls showing Clinton ahead by 1–6 points; Trump’s appeal to white men and some union voters gives him limited upside there, but his volatility and weak standing with Hispanics remain liabilities.

Third-party candidate Gary Johnson, who polls near double digits in some Western states, complicates the map by drawing younger and anti-establishment voters from both parties. Clinton’s campaign benefits from stronger organization and turnout potential among the Obama coalition, though Democrats worry about lukewarm enthusiasm among millennials, Hispanics and African-Americans. Overall, unless Trump substantially improves his debate performances and campaign execution, he may no longer control his electoral destiny, with Western battlegrounds and turnout dynamics likely to determine the race."
"6140"	"Researchers at Binghamton University showed that brief EEG responses to words can serve as a stable biometric “brainprint.” In the study, 45 volunteers read 75 acronyms while EEG was recorded from only three scalp electrodes. Machine-learning classifiers could identify individuals from their event‑related potentials (ERPs) with very high accuracy (reported in the paper and media summaries as roughly 82–97%, typically cited around 94%). These distinguishing ERP features were stable over time—identification remained possible after delays up to six months. 

The team emphasizes potential advantages of brain biometrics over fingerprints or retinal scans: they may be cancellable (users could change the stimuli that produce the signature) and harder to spoof or permanently compromise. The authors see near‑term application mainly in high‑security settings (e.g., military or sensitive facilities) rather than casual consumer login, given the need to record EEG. The study appears in Neurocomputing and was supported by NSF and Binghamton University grants."
"6338"	"This mixed report combines two news stories: an interview about Dylann Roof, the suspect in the Charleston, South Carolina church massacre, and extended coverage of the Ferguson, Missouri protests after the shooting of Michael Brown.

Dylann Roof
- Dylann Roof, 21, was arrested on suspicion of killing nine people at a historic African-American church in South Carolina.
- Family members describe Roof as withdrawn and troubled. An uncle said Roof spent long periods alone in his room, lacked a job and driver's license, and resisted mentoring.
- The uncle and other available online images suggested Roof had a fascination with white supremacy.
- The uncle also said Roof’s father bought him a pistol for his birthday earlier in the year.
- Reporting was incomplete at the time; more information was promised.

Ferguson and Michael Brown
- Authorities identified the officer who shot Michael Brown as 28-year-old Darren Wilson, a six-year police veteran. Police had earlier withheld his name citing threats.
- Ferguson Police Chief Thomas Jackson described Wilson as a “gentleman” and defended him, saying the situation was devastating for the officer.
- Police released a convenience-store surveillance video and documents showing a strong, larger man (police say appears to be Brown) leaving a store with a box of cigars without paying; authorities listed Brown as the “primary suspect” in that incident. The chief said the robbery did not relate to the initial police contact, though he suggested the officer might have seen evidence connected to it.
- The release of the video and documents on the same day as naming the officer stirred controversy; Brown’s family and supporters said the distribution amounted to a smear and a diversion from the shooting itself.
- Witnesses offered conflicting accounts of the shooting: some say Brown had his hands up when shot; others described a struggle over the officer’s gun and pursuit. A companion, Dorian Johnson, called Brown’s death murder.
- The release of the robbery details and the handling of information by police intensified distrust and protests in Ferguson. Critics accused authorities of mismanaging the situation and of a heavy-handed, militarized response to demonstrations; some protesters engaged in clashes and looting earlier in the week.
- After the Missouri State Highway Patrol assumed security, demonstrations were more peaceful. Capt. Ron Johnson, who led the patrol’s response, emphasized transparency, urged calm, and suggested the episode would spark national discussion about police tactics and diversity training.
- Local activists, civil-rights leaders and Brown’s family planned further rallies demanding action; the prospect of criminal charges against Officer Wilson remained a possibility.

Overall themes
- The document highlights two racially charged acts of violence and their social fallout: the Charleston church massacre linked to alleged white supremacist interest, and the contentious police shooting of Michael Brown that prompted protests, debate over police transparency, and scrutiny of law-enforcement tactics."
"6619"	"Archaeological investigations at the Nazi death camp Treblinka, presented in the Smithsonian Channel documentary ""Treblinka: Hitler’s Killing Machine,"" have uncovered new physical evidence confirming mass graves and the presence of gas chambers at the site. Forensic archaeologist Dr. Caroline Sturdy Colls led non‑invasive surveys (including lidar and geophysical methods) beginning in 2007 and followed with limited test excavations that revealed remains and structural traces the Nazis had tried to erase.

Key findings
- Lidar revealed previously unknown depressions indicating mass graves, particularly in Treblinka I (the labor camp). Test trenches exposed shoes, ammunition, human bones — some with cut marks — confirming killings there as well as in the better‑known death camp area.
- Excavations at Treblinka II (the extermination camp) uncovered brick foundations and wall fragments from gas chambers, orange floor tiles stamped with Stars of David matching survivor descriptions, and human bone fragments. These corroborate eyewitness accounts that victims were told they were entering bathhouses and were gassed with engine exhaust.
- Evidence showed the Nazis attempted to disguise and destroy the camp—dumping quarry sand and razing buildings and graves—but could not fully eliminate physical traces. Some bone fragments are already eroding to the forest surface.

Method and ethics
- Colls prioritized non‑invasive techniques and conducted only small, carefully controlled trenches to confirm subsurface features. Finds were treated with reverence: excavated human remains were reburied under rabbinical supervision in keeping with Jewish law.

Significance
- The work provides the first archaeological confirmation at Treblinka of gas chambers and additional mass graves, strengthening the documentary and testimonial record against denial. Colls plans further targeted investigations, museum displays, and a book to preserve and explain the evidence. The project aims both to document the historical truth and to help prevent future genocides.

The documentary premieres March 29 on the Smithsonian Channel; the research is ongoing and intended for respectful public presentation and scholarly record."
"6698"	"Sen. Charles Schumer urged bipartisan action and a full congressional investigation after the CIA told key senators in a classified briefing that it now assesses Russia intervened in the 2016 U.S. presidential election with the goal of helping Donald Trump win. The CIA’s assessment, reportedly based on multiple sources and identifying individuals tied to the Russian government who passed hacked Democratic emails to WikiLeaks, marks a shift from earlier public intelligence statements that focused on undermining confidence in the electoral process rather than favoring a candidate.

Schumer called the findings both “stunning and not surprising,” demanded the intelligence community turn over relevant material, and said Democrats would work with Republicans next year to hold hearings. The CIA’s presentation to senators indicated cyber-intrusions affected at least two states and that two Russian-linked hacker groups—commonly labelled “Cozy Bear” (APT29) and “Fancy Bear” (APT28/G.R.U.)—were involved; some stolen materials were published by outlets such as Guccifer 2.0, DCLeaks and WikiLeaks.

The Trump transition team and President-elect Trump publicly disputed the CIA’s conclusions; WikiLeaks founder Julian Assange denied Russia was the source. Within government, officials debated how to respond: the Obama White House ordered a “lessons learned” review to be completed before the January transition and sought bipartisan support earlier to publicly blame Russia and offer federal help to protect state election systems. Some Republican lawmakers expressed skepticism about the evidence. Critics say the administration was overly cautious and could have used sanctions or covert responses earlier. The episode has prompted calls from Democrats in Congress for declassification and broader investigations into the scope and motivations of the Russian campaign."
"6717"	"Three preschoolers in Honolulu were briefly exposed to a household cleaner after an aide accidentally served Pine‑Sol instead of apple juice at Kilohana United Methodist Church Preschool. The aide retrieved a yellow/brown liquid container from a cleanup cart in the kitchen, returned to the classroom with crackers and the container, and poured the liquid into cups while the lead teacher attended to students. The teacher stopped the children once she noticed the smell; three children ages 4 and 5 had taken small sips and were evaluated by paramedics, who found no signs of illness or injury. Parents declined hospital transport. The Pine‑Sol remained in its original, properly labeled container and cleaning supplies were stored separately from food; health inspectors reviewed the site after the incident and the school passed inspection. The classroom assistant no longer works at the preschool. Parents were notified by email and invited to a meeting; some remain unsettled though officials say precautions and food‑safety storage were in place."
"7296"	"Toronto police have officially reclassified the Dec. 15 deaths of billionaire Apotex founder Barry Sherman, 75, and his wife Honey, 70, as a targeted double homicide after six weeks of investigation, Det.-Sgt. Susan Gomes said at a news briefing. Both were found in the couple’s north Toronto home’s lower-level pool area, fully clothed with belts around their necks attached to a pool railing; post-mortems gave cause of death as ligature neck compression but initially left manner undetermined.

Investigators have pursued an extensive probe: roughly 2,000 hours of nearby surveillance footage collected, more than 150 items seized from the scene, about 127 witness interviews, execution or application for some 20 judicial authorizations/searches, searches of two Sherman residences (including a Miami condo) and of Barry Sherman’s Apotex workplace. Gomes said legal complexities—particularly around seizing electronics tied to Sherman's litigious businesses—made some warrants challenging. Police also compiled a list of everyone who accessed the house via the realtor’s lock box while it was listed for sale; that list has broadened the pool of persons of interest they plan to interview. To date, detectives say they have not developed any suspects and will not discuss motives.

Gomes emphasized that investigators considered all possibilities from the start (double suicide, homicide-suicide, double homicide) and have followed the evidence. The Shermans’ family, who earlier hired a private team of former homicide detectives after disputing early media leaks of a murder-suicide theory, supports the police conclusion and continues to cooperate. The house has been released back to the family, and the investigation remains active as police urge anyone with information to come forward."
"8180"	"Donald Trump announced his campaign will skip the Fox News Republican debate scheduled for Thursday in Des Moines, citing what he and his team called unfair treatment by Fox anchor Megyn Kelly. Campaign manager Corey Lewandowski confirmed the decision and said Trump will instead hold a simultaneous Iowa event to raise money for Wounded Warriors and veterans. The move came after a weeklong spat with Fox, including a sarcastic Fox statement ridiculing Trump and the campaign alleging Kelly had treated him unfairly after an earlier debate.

Fox News and CEO Roger Ailes pushed back, saying the network and Kelly will not be dictated to by a candidate and condemning what it described as threats toward Kelly from Trump’s camp; Fox insisted the debate will proceed with or without Trump. Trump’s campaign framed the walkout as principled bargaining—refusing a “bad deal” and accusing Fox of profiting heavily from debates—while Trump argued he would dominate the news cycle and raise funds for veterans.

Rival candidates and commentators reacted sharply: Ted Cruz called Trump “afraid” to face questions; Chris Christie and others said skipping a debate looks unpresidential and raises questions about temperament. Some supporters viewed the move as savvy showmanship that would keep Trump in headlines and undermine the debate’s impact. The decision comes days before the Iowa caucuses, where polls showed Trump leading, and leaves the remaining candidates to decide whether to use the debate to press advantages or avoid amplifying Trump’s absence. Fox warned Iowans might resent his last-minute withdrawal, and the standoff left open the possibility of last-minute negotiations, though Trump’s campaign signaled he was unlikely to change course."
"9144"	"A powerful, shallow magnitude ~6–6.2 earthquake struck central Italy in the pre-dawn hours of Aug. 24, 2016, near towns including Amatrice, Accumoli and Pescara del Tronto. The temblor devastated medieval town centers of unreinforced masonry, collapsing buildings onto sleeping residents and producing apocalyptic scenes of rubble, dust and gas smells. Hundreds of aftershocks followed. Initial reports gave rising death tolls (from dozens to well over 200), hundreds injured and many missing; thousands of residents, including summer visitors, needed temporary shelter.

Massive rescue efforts involving the army, Alpine units, carabinieri, firefighters, Red Cross and volunteers used bulldozers, earthmovers, sniffer dogs and hand digging to free survivors, but described equipment and personnel shortages in some hamlets. Authorities requested satellite imagery and appeals were made for blood donations and specialized tools. Italian leaders including Prime Minister Matteo Renzi visited the area and vowed support; Pope Francis led prayers and sent Vatican firefighters.

Seismologists noted the quake’s destructiveness was exacerbated by its shallow depth and the prevalence of ancient, unreinforced stone buildings that are difficult and expensive to retrofit. The quake occurred in a tectonically complex area where the Tyrrhenian Basin is spreading and multiple faults run along the Apennines; such shallow normal-fault earthquakes are common in central Italy and comparable to the 2009 L’Aquila disaster. Experts stressed that while Italy has strong codes for new construction, vulnerability remains high because of historic buildings and dense settlement, and that significant aftershocks can be expected."
"10189"	"Two pieces look at competing signals about the 2014 midterms and why modelers favor Republicans while some polling and on-the-ground factors give Democrats reason for cautious optimism.

Key points favoring Republicans
- Several respected forecasters and models (Cook Political Report, FiveThirtyEight, Upshot, Monkey Cage and others) have moved toward projecting a Republican Senate takeover. Nate Silver’s model gives Republicans roughly a 60% chance; the Monkey Cage model is even more bullish.
- Structural factors that historically predict midterm losses for the president’s party are present: sixth year of the presidential term, tepid presidential approval, poor “right/wrong track” metrics, and an unfavorable map.
- Republicans need a net gain of six Senate seats. Three states (Montana, South Dakota, West Virginia) are very likely to flip. If they pick up a few more — by winning open or vulnerable seats in red or purple states — they can take control.
- Several Republican pickup opportunities exist in red-leaning or Obama-lost states; incumbents in Alaska, Arkansas, Louisiana and North Carolina are the most plausible Democratic losses (Arkansas and Louisiana look best for GOP). Additional targets include competitive or potentially competitive Obama states such as Colorado, Iowa, Michigan, New Hampshire, and a second tier including Minnesota, Oregon and Virginia.

Reasons for Democratic hope and reasons to be cautious about the models
- Party image and identity advantage: ABC/Washington Post polling shows Democrats with far higher party favorability (49% vs. 35%) and larger self-identified party ID (32% Democrats vs. 22% Republicans). Those are historically large gaps and could blunt a GOP wave.
- Candidate quality and incumbency: Democrats point to stronger-than-expected candidates in many races, weak GOP challengers in some key states, and the difficulty of persuading voters about already heavily attacked incumbents like Kay Hagan and Mark Pryor.
- Ground game and turnout: Democrats say they are investing heavily in voter ID, registration and turnout operations that could mitigate structural disadvantages; whether that effort will succeed won’t be clear until Election Day.
- Intangibles: Outcomes still depend on evolving local dynamics, campaign performance, national mood, Obama’s standing, voter enthusiasm (currently favoring Republicans), and advertising/money.

Bottom line
Professional forecasters reasonably see the Senate leaning Republican given historical patterns and the map, but significant uncertainties remain. Party favorability, candidate quality, Democratic turnout operations, and state-level campaign dynamics mean a GOP takeover is plausible but not guaranteed; control will be decided state by state in the coming months."
"10463"	"British police are preparing to begin new excavations in Portugal as part of the long-running inquiry into Madeleine McCann’s disappearance in May 2007, reports say. Operation Grange investigators plan to travel to the Praia da Luz area to carry out ground searches at three sites, including two plots near the Ocean Club apartment (5A) where Madeleine vanished and a nearby beach area. A forensic team is expected to use ground-penetrating radar and other equipment to probe beneath the surface; Portuguese authorities will remain in charge of the criminal investigation.

Scotland Yard has not publicly confirmed the operation, saying it will not comment on speculation, but sources say the McCanns have been briefed and will be kept informed though they will not travel to Portugal. Officers say the digs aim both to seek potential evidence and to rule scenarios in or out; the family have been told this does not necessarily mean police are specifically searching for a body.

The renewed activity follows a wider review by the Met (Operation Grange), which began in 2011 and became a formal investigation in 2013, and new information that came in after recent appeals (including a Crimewatch broadcast). The Met has also been investigating a possible serial sex offender linked to multiple assaults on British girls in Algarve resorts between 2004 and 2010. Portuguese detectives reopened aspects of their probe last year and the British team hopes to work on the ground in coordination with them. A £20,000 reward remains available for information leading to arrest and prosecution."
"10659"	"Comedian Seth Rogen and his mother, Sandy Rogen, exchanged humorous tweets after Sandy posted a blunt observation about sex. On July 5, 2017, Sandy tweeted, “Falling asleep after sex is like shavasana after yoga.!” Her tweet was widely retweeted, prompting followers to tag Seth. He replied, “Jesus fucking Christ mom,” which sparked a playful back-and-forth: Sandy defended it as “just an observation of life,” Seth called it “gnarly,” and Sandy responded with teasing “Whateverrrrrrrr mom mm!” She later tweeted “Lame!” The exchange drew amusement online as a light, relatable parent-child moment on Twitter."
"12601"	"Edward Conard, a former Bain Capital partner and major Romney donor, argues in his book Unintended Consequences that the vast wealth of the superrich largely benefits the rest of society by financing innovation and risk-taking. Conard claims investors create far more public value than they capture—he rejects the common progressive estimate that each dollar earned by investors yields about $5 of public benefit and instead suggests returns could be as high as $20 per dollar. Using examples from tech and agricultural efficiency to tiny manufacturing improvements, he stresses that wealthy investors fund many of the incremental gains that cumulatively make consumers richer.

Conard defends complex financial institutions and instruments, portraying banks as intermediaries that convert short-term savings into long-term investment and arguing the 2008 crisis reflected a classic bank run by panicked institutional withdrawers rather than systemic fraud or irresponsible lending. He favors stronger government guarantees to prevent future runs and sees exotic securities as legitimate tools that met market demand.

Philosophically, Conard contends that higher rewards for success are necessary to entice more people to take risky, high-value bets; he even argues the top of the wealth distribution should be larger to motivate “art-history majors” and others to join the high-risk, high-reward innovation economy. He views U.S. policy choices and cultural accidents as key to American dynamism and warns that policies aimed at reducing inequality could dampen incentives to invest.

Critics—progressive economists, and many mainstream scholars—challenge Conard’s optimism about markets, financial products, and inequality. They point to rent-seeking, political influence by the wealthy, evidence of abusive banking practices before 2008, and research suggesting concentrated wealth can stifle innovation rather than promote it. Even some pro-market economists accept parts of his finance analysis but fault his dismissal of crony capitalism and his broad faith that market rewards reliably correspond to social value.

The profile portrays Conard as unapologetically pro-investor, relying on anecdotes, economic intuition, and mathematical reasoning to justify controversial positions that invert common critiques of rising inequality: for him, concentrated wealth is, on balance, a public good."
"13031"	"- A CBRE study finds Denver’s cannabis industry now occupies roughly 3.7 million (CBRE) to about 4.5 million (later correction) square feet of industrial space — about one in 11 industrial buildings and roughly 2.6% of all warehouse space in the city. Grow operations are concentrated in older, lower-quality warehouse areas (I‑25/I‑70 junction, Montbello, Central Denver, Santa Fe Drive corridor and RiNo).

- From 2009–2014 marijuana cultivation accounted for 35.8% of industrial leases in Denver, helping spur the recovery of the industrial market from the Great Recession. That demand has contributed to rising rents and falling vacancy: metro industrial rents reached about $7.05/sq ft in Q3, Class B/C rents in cultivation neighborhoods rose 56% over five years, and vacancy in many grow-heavy submarkets is very low (North Central 1.9%, Central 2.3%, Southwest 2.4%).

- Marijuana tenants often pay significant rent premiums (commonly 2–3× market rates) and typically lease 10,000–20,000 sq ft (range 2,000–100,000). Many owners won’t lease to growers because of federal legality issues, lender restrictions, and the cost of required electrical/HVAC upgrades; landlords willing to assume risk are a small group.

- CBRE calls the market “overgrown”: some grow space remains vacant and many existing operations aren’t at capacity, so immediate additional demand may be limited unless Denver lifts a recreational-license moratorium (affecting applicants established before Oct. 1, 2013), which could spur more entrants.

- Broader effects: growers have bid up prices for marginal industrial properties that previously housed artists and small creative enterprises (notably in RiNo), displacing cultural uses and potentially delaying redevelopment because long-term grow leases lock in aging buildings. Critics argue the cannabis boom contributes to displacement, higher housing costs and homelessness pressures, although other forces (in-migration of higher-paid workers, condo-law impacts on supply) are also important drivers of Denver’s affordability crisis.

- The industry’s rapid growth has not been matched by comprehensive academic or governmental study of long-term impacts; stakeholders call for more research on how retail and cultivation cannabis reshape real estate, neighborhoods and local economy."
"13730"	"This document is a compilation of several critics’ takes on the 2015 comedy Sisters, starring Tina Fey and Amy Poehler as Kate and Maura Ellis — two estranged thirty-/forty-something sisters who reunite to clean out their childhood home in Orlando and instead throw a massive, increasingly out-of-control party. The movie, written by Paula Pell and directed by Jason Moore, leans heavily on raunchy, R-rated humor, gross-out set pieces and extended slapstick, and features a large supporting cast of comedic familiar faces (Ike Barinholtz, Maya Rudolph, John Leguizamo, Bobby Moynihan, Rachel Dratch, John Cena, Samantha Bee, and others).

Common points across the reviews:
- Fey and Poehler’s chemistry is the film’s primary asset. Their rapport, timing and likability make many crude or silly moments work, and they convincingly play competitive-but-loving sisters: Poehler’s Maura as the anxious do-gooder and Fey’s Kate as the irresponsible wild child.
- The movie is structured largely around the blowout party, which escalates into sex- and drug-fueled chaos and provides the bulk of the film’s comic set pieces and cameos.
- Critics are divided on tone and quality. Some praise the film as a loose, infectious, good-time comedy that showcases the duo’s strengths and yields genuinely funny bits and warm character moments. The quieter, character-driven scenes and some visual gags are highlighted as memorable.
- Many reviewers fault the film for thin plotting, sloppy direction, uneven writing, and wasted supporting talent. Several argue the vulgarity and crude gags often come off as gratuitous rather than clever, and that secondary characters and recurring bits frequently fall flat. Some say the movie resembles an “Animal House”-style frat/party movie filtered through female leads, but without the discipline to make it consistently satisfying.
- Opinions on whether the raunch pays off vary: proponents find it an entertaining, convivial romp that’s better than its trailers; detractors call it badly directed and written, arguing it’s bad for big-screen comedy when actors of this caliber are underutilized in such a muddled product.

Overall, Sisters is portrayed as a film buoyed by Fey and Poehler’s charm and comic partnership but hampered by uneven comedy, sketchy plotting, and overreliance on vulgar set pieces — fun in spots but flawed and divisive in execution."
"14110"	"A 3-acre Deerfield Beach parcel at Southeast Fourth Street and Second Avenue, long known as the ""old colored cemetery,"" may be rezoned for a 69-unit townhouse development called Village Park at Deerfield Beach. The proposal will be debated by the City Commission at a special meeting after months of controversy that stretch back four decades.

Background: Historical records and local testimony say the site was used as an African American cemetery from roughly the late 19th century through the 1930s–1940s, with some estimates of 300–400 interments. The site was cleared of headstones in the 1970s amid earlier development attempts that were stopped by community protest. Residents continue to say relatives were buried there and that they saw burials.

Investigations: Two major studies—one by Florida Atlantic University anthropologists in 1986 using magnetometer searches and shovel tests, and another in 2005 involving ground-penetrating radar and overseen by local historical societies—found no physical evidence of burials remaining on the site. The 2005 work concluded at least 34 bodies had been moved to the city-owned Pineview Cemetery in 1974; city officials, including Mayor Jean Robb, suspect additional remains were relocated in the 1960s because of a high water table, but cannot confirm specifics from records.

Positions: City officials and the property owner’s representatives argue the site is clear of remains and that development would improve tax revenue and neighborhood value. Many longtime residents and descendants of those believed buried there oppose construction on moral and cultural grounds, demand proof of where any remains were moved, and warn of the emotional harm and disrespect of building on cemetery land.

Next steps: Commissioners delayed final approval to review staff reports and documentation about whether remains remain on the property; they scheduled further discussion and possible rezoning votes at a special meeting. The unresolved question—where the bodies went—remains a central grievance for descendants despite the studies’ findings."
"14328"	"Seaman James Derek Lovelace, 21, of Crestview, Florida, died Friday during his first week of Basic Underwater Demolition/SEAL (BUD/S) training at Naval Amphibious Base Coronado. During a pool familiarization or ""drown‑proofing"" evolution—treading and swimming while wearing dive masks and camouflage uniforms—safety observers saw Lovelace struggling. Instructors removed him to the pool edge after he lost consciousness; resuscitation on scene and at a nearby civilian hospital were unsuccessful and he was pronounced dead.

Naval Special Warfare Command has opened an investigation and local authorities will perform an autopsy; officials have not disclosed a cause of death or whether he had an underlying medical issue. Lovelace had enlisted in November, graduated Navy boot camp in January, and had been awarded the National Defense Service Ribbon and Sharpshooter Pistol Qualification. He played baseball at Crestview High School and Faulkner State Community College and is survived by his father and two sisters. Naval leaders expressed condolences and said training safety procedures include scaling instructor oversight when students show difficulty."
"14446"	"An Army wife, Amy Herbst, and her husband sued the government Monday, alleging a nurse-midwife at Blanchfield Army Community Hospital (Fort Campbell, Ky.) botched her 2012 childbirth and severely damaged her digestive and reproductive systems. The suit says the midwife performed an episiotomy during the second stage of labor without Herbst’s consent or knowledge and repaired it with sutures. After discharge, Herbst experienced fecal urgency, incontinence, stool leakage and excessive flatulence; hospital staff later told her initial repairs were unsuccessful and a colorectal surgeon said reconstructive surgery would be needed. Herbst says the injuries and poor prognosis have jeopardized her career as a professional opera singer with the Nashville Opera Company. The hospital declined to comment on the specific case but said it is concerned about patient outcomes and strives to provide high-quality care."
"14628"	"The White House has, for the first time in an unclassified document, formally acknowledged that U.S. military forces have conducted “direct action” — a military term encompassing lethal attacks — against al-Qaida affiliates in Yemen and Somalia. The admission appears in the semiannual War Powers report to Congress and marks a modest step toward transparency about U.S. counterterror operations beyond Afghanistan and Pakistan.

The report states U.S. forces carried out a “limited number” of operations targeting al-Qaida in the Arabian Peninsula (AQAP) in Yemen and al-Shabaab–linked al-Qaida members in Somalia, emphasizing the focus on individuals who pose a direct threat to the United States and its interests. It does not provide operational details, mention specific tactics or platforms (such as armed drones), or disclose classified specifics, which are included in a secret annex provided to Congress.

Administration officials said President Obama approved the declassification of the existence of these military efforts partly because of closer ties with the Yemeni government and other partners concerned with Somali extremism. The move follows earlier, more general acknowledgments (e.g., John Brennan’s confirmation of armed drone use) but does not indicate any change in the intensity or nature of the campaign. The disclosure comes amid congressional scrutiny and controversy over leaks related to targeted-killing programs."
"14935"	"Summary:

After conceding the presidential race to Barack Obama, Mitt Romney’s official Facebook page experienced a rapid drop in likes — roughly 11 per minute (about 600–850 per hour), totaling more than 50,000–55,000 unlikes in the days after the election. A satirical site, DisappearingRomney.com, tracked the decline in real time. The Romney campaign’s social accounts went largely silent after Election Day, posting only a brief thank-you/photo, while President Obama’s profiles remained active and saw large gains. Romney still retained a large following (over 12 million Facebook likes and 1.7 million Twitter followers), and his Twitter account actually gained some followers despite no new tweets. The exodus may reflect both post-election disengagement, staff transitions that often accompany campaign endings, and partisan shifts as supporters look for new leaders; by contrast, some defeated politicians have later revived strong online presences, but Romney’s future public role remained uncertain."
"15247"	"A tenant in an Arlington, Virginia rental heard footsteps coming from her attic around 1:30 a.m. on July 21 and alerted her landlord, who called Arlington County Police. Officers searched the home on the 800 block of 22nd Street S. near Pentagon City and found 60-year-old Anthony Jones living in the attic with a backpack, clothing and bedding. Jones, believed to have entered through an open sliding glass door, came down when officers announced their presence and was arrested without incident and charged with unlawful entry; he was being held without bail. The tenant said the quick police response made her feel safer. The report also notes other recent Arlington incidents, including a strong-armed robbery on Washington Boulevard and several larcenies, shoplifting, destruction of property reports and a stolen 2004 Dodge Caravan."
"15256"	"Actors Michael Douglas and Catherine Zeta-Jones are reportedly taking time apart after more than two decades of marriage. People magazine, citing unnamed sources, says the couple — married in 2000 and parents of two (Dylan, 13, and Carys, 10) — have been spending time separately since Douglas returned from the Cannes Film Festival in May. They have not filed for divorce or legal separation. Friends and confidantes tell PEOPLE the strain from Douglas’s 2010 cancer battle and Zeta-Jones’s struggles with bipolar II disorder contributed to the decision, though those close to them hope they can work things out for the children’s sake. Zeta-Jones’s spokeswoman, Cece Yorke, confirmed in an email to the Associated Press that they are “taking some time apart to evaluate and work on their marriage” and declined further comment; a representative for Douglas did not immediately respond."
"16049"	"Blind civil-rights activist Chen Guangcheng, who escaped prolonged house arrest in rural Shandong and briefly sheltered at the U.S. Embassy in Beijing, has demanded that China’s central government investigate and punish local Shandong officials he blames for his wrongful jailing, abuse and 19 months of punitive confinement. Speaking from a Beijing hospital where he is being treated for injuries sustained during his escape and years of mistreatment, Chen said he intends to continue “rights defence” work and pressed Beijing to probe specific officials, including Linyi public security chief Liu Jie and former Linyi party boss Li Qun.

Under a fragile, U.S.-China arrangement, Chen said he hopes to travel to the United States to recuperate and study—New York University has offered him a fellowship—and he expressed cautious confidence that Beijing will honor the agreement allowing him to apply for travel documents. He reported meeting a central government official who promised an open legal inquiry “if the facts are there,” but said no concrete action had occurred yet.

Chen also said relatives in his home village of Dongshigu remain under pressure: his nephew Chen Kegui was reportedly detained after a violent confrontation with local officials, his brother has faced threats, and villagers and journalists have encountered lockdowns and guards. U.S. diplomats have been in regular phone contact with Chen but have been prevented from visiting him in person; Chinese authorities likewise limited his access to friends. The episode has triggered a diplomatic standoff and high-level U.S.-China engagement to resolve Chen’s case without derailing broader ties."
"17335"	"In 1963 teenagers Barbara Bezant (17) and Lyn Jeffries (19) recorded a reel-to-reel message for The Beatles after seeing them at the Lewisham Odeon and sent the tape to the Finsbury Park Astoria. Decades later the tape surfaced at a Great Yarmouth car boot sale, where historian David McDermott purchased and listened to it. The BBC’s The One Show tracked down and reunited the two women at The Beatles Story in Liverpool and presented them with a letter from Sir Paul McCartney, who thanked them for their “lovely tape,” quipped “better late than never,” and encouraged them to “keep enjoying the music.” The women, who had not seen each other for 40 years though both lived in Essex, said they were “amazed” to be reunited and to receive a reply from a Beatle."
"18024"	"The Trump administration signaled it might stay in the Paris climate agreement—or rejoin under revised terms—if its conditions are met, marking a shift from President Trump’s earlier announcement that the U.S. would withdraw if it couldn’t secure more favorable terms. At a Montreal meeting of over 30 ministers hosted by Canada, China and the EU, U.S. officials suggested they were open to revising U.S. emissions targets as part of a compromise. The discussions indicate Washington is exploring options to re-engage with the global deal while seeking adjustments to how commitments are framed or implemented."
"18210"	"President Trump attacked adult-film actress Stormy Daniels and her lawyer Michael Avenatti after a federal judge dismissed Daniels’ defamation suit against him, calling Daniels “horseface” in a tweet and saying he could “go after” her and her “3rd rate lawyer” in Texas. The judge found Trump’s tweet at issue was constitutionally protected speech and applied Texas law, dismissing the suit and ordering Daniels to pay Trump’s attorneys’ fees; Avenatti has appealed.

The exchange escalated: Avenatti called Trump “a disgusting misogynist” and vowed to expose him as a “shyster and liar,” while Daniels replied to Trump by criticizing him and nicknaming him “Tiny.” Trump defended his insult when questioned.

The incident renewed concerns among Republicans about alienating female voters ahead of the midterms. The story notes a pattern of Trump mocking women’s appearances—including Christine Blasey Ford, Elizabeth Warren and others—which has alarmed some GOP allies and may be contributing to shifting support among women, particularly college-educated white women, toward Democrats. The piece also references Daniels’ separate legal challenge to a nondisclosure agreement tied to a $130,000 payment from Michael Cohen and reviews public reactions and polling showing the political sensitivity of such comments."
"18217"	"An Upper East Side auction house, Doyle New York, sold a newly consigned group of love letters John F. Kennedy wrote to Swedish socialite Gunilla von Post for an estimated $10,000–$15,000. The correspondence, discovered among von Post’s belongings after her 2011 death and dated 1954–1956, includes two complete signed letters on Senate stationery, two partial letters and three handwritten envelopes, and comes with von Post’s 1997 memoir Love, Jack. A previous cache of their letters fetched $115,000 in 2010; together the two lots constitute the known corpus of their exchanges.

Von Post met the young senator in Cannes in 1953; the letters chronicle a long-distance, often passionate affair that continued after Kennedy’s 1953 marriage to Jackie. Early notes show Kennedy attempting to meet her in Stockholm (a 1954 visit was canceled for back surgery) and later arranging a 1955 rendezvous in Båstad, writing, “It is a long way to Gunilla — it is worth it.” Von Post’s memoir recounts that they reunited in August 1955 and spent a week together in Sweden, after which Kennedy reportedly contemplated ending his marriage and bringing her to America. Political pressures, his father, and sensitivities around Jackie’s miscarriage (1955) and pregnancy (1956) prevented that. Kennedy’s final letter to von Post, written after she announced plans to marry a Swedish landowner, urged her to come visit if she did not marry and closed, “I had a wonderful time last summer with you. It is a bright memory of my life — you are wonderful and I miss you.” The two met once more, accidentally, at a Waldorf Astoria gala in 1958.

The article also contextualizes Jackie Kennedy’s difficult reproductive history—miscarriage in 1955, a stillbirth in 1956, the birth of Caroline in 1957, and the birth and 1963 death of infant Patrick—noting how these events affected the Kennedys’ marriage and JFK’s public image during his political rise."
"18231"	"Overview:
In early March 2016, former Republican presidential nominee Mitt Romney delivered a forceful, high-profile speech at the University of Utah sharply criticizing Donald Trump’s candidacy and arguing that Trump is unfit to be the Republican nominee. The speech intensified an intra‑party fight as establishment Republicans sought to slow Trump’s momentum after his string of primary victories.

Key points from Romney’s speech:
- Romney repeatedly attacked Trump’s character and competence, calling him “a phony, a fraud” and saying “dishonesty is Donald Trump’s hallmark.”
- He criticized Trump’s rhetoric (bullying, misogyny, vulgarity) and cited numerous episodes—mocking a disabled reporter, derogatory comments about women, inflammatory comments about Muslims and Mexicans, and praise of sexual exploits—as evidence Trump is unfit for office.
- Romney condemned Trump’s foreign-policy proposals—calling Trump “very, very not-smart” for suggesting letting ISIS remove Assad and for advocating extreme measures such as killing terrorists’ families—and warned such ideas are reckless and dangerous.
- He argued Trump’s trade and economic proposals (tariffs, tax plans) would provoke trade wars, raise the deficit, harm workers and could precipitate a prolonged recession.
- Romney warned of the long-term damage to the Republican Party and the country if Trump became the nominee, urging voters to back any alternative who could beat Hillary Clinton in the general election.

Political posture and endorsements:
- Romney did not enter the 2016 race or endorse a single candidate outright. Instead he said he would support Marco Rubio in Florida or John Kasich in Ohio (reflecting state-by-state preferences) and named Rubio, Ted Cruz and John Kasich as acceptable alternatives, framing his remarks as an appeal to prevent a Trump coronation and to engineer a contested convention if necessary.
- He invoked his status as a party elder and urged conservatives to coalesce behind someone else to preserve conservative values and electability.

Reactions and context:
- Donald Trump immediately lauded his own appeal to new voters and attacked Romney on social media, calling him a “failed presidential candidate” and mocking Romney’s 2012 bid and prior courting of Trump’s endorsement.
- Trump supporters circulated clips of Romney praising Trump in 2012 to underscore Romney’s reversal.
- Prominent Republicans were split: figures such as John McCain publicly agreed with Romney’s concerns about Trump’s national-security statements, while others (including some conservative activists and Trump allies) defended Trump and cautioned against giving him more attention.
- The speech reflected broader Republican establishment efforts—including super PAC ads—to derail Trump’s momentum, but commentators noted Romney might have limited effect given Trump’s strong primary performance and devoted base.

Public reaction and significance:
- Romney drew large crowds and applause in Utah, where many attendees expressed concern about Trump; some wished Romney would run again.
- Still, many voters who prioritized defeating Democrats or were energized by Trump’s outsider message indicated they might back Trump despite Romney’s criticisms.
- The episode underscored deep tensions within the GOP between the traditional establishment and the insurgent populist movement driving Trump’s rise.

Bottom line:
Romney’s March 2016 speech was a comprehensive, personal and policy-focused rebuke of Donald Trump—framing Trump as dishonest, reckless on foreign policy, economically harmful and unfit for the presidency—and was part of a broader, albeit uncertain, establishment effort to stop Trump’s nomination."
"18965"	"Serena Williams and fiancé Alexis Ohanian have welcomed their first child, a baby girl, on Friday, September 1, 2017. Multiple outlets report the newborn weighed 6 pounds, 13 ounces and that both mother and baby are doing well. Williams, 35, announced her pregnancy earlier this year—initially via an accidental Snapchat post in April—while she had already won the Australian Open in January. She documented parts of her pregnancy publicly, appeared on Vanity Fair’s August cover, and said she planned to return to professional tennis (aiming for the Australian Open). Beyoncé was among the first to congratulate her, and family and fans reacted warmly, including sister Venus at the U.S. Open. Williams and Ohanian, co‑founder of Reddit, became engaged in December 2016; they have not yet announced a wedding date."
"19213"	"A humorous Craigslist ad for a 1999 Toyota Corolla, shared on Twitter by Brendan Tokarski, went viral for its blunt honesty and entertaining tone. The seller leans into the car’s plainness—no Bluetooth, sunroof, fancy wheels, or rear camera—but markets it as extremely reliable, joking it could survive being driven off a bridge, run on Nutella, and outlive its owner. The listing mixes practical claims (""It’s a Corolla. It’s fine."" per a CarFax) with surreal, comic details (favorite food: spaghetti; favorite TV show: Alf; likes Bush and the Gin Blossoms) and offbeat lines about the car being old enough to vote. Readers appreciated the ode to the Corolla’s reputation for durability, even if it’s boring, and the ad has since been removed—possibly because it sold or because the seller couldn’t part with the car."
"22059"	"Summary:

A three-man crew dubbed the ""Cold Hand Bandits"" has robbed about 23–24 banks across the Los Angeles area since November 2015. LAPD’s Robbery-Homicide Division, working with the FBI and multiple local agencies (Los Angeles County Sheriff’s Department, Alhambra, Pasadena and Long Beach police), released surveillance footage and appealed to the public for help identifying the suspects, who remain at large and are considered armed and dangerous.

Modus operandi and behavior:
- The suspects typically walk into banks and hand tellers a note demanding money, claiming to be armed and threatening violence if refused.
- Their tactics have become more aggressive: in recent incidents they have jumped over teller counters, one suspect brandished what appeared to be a gun, and another used his shirt to avoid leaving fingerprints.
- No injuries have been reported so far, but police worry the threats could turn violent.

Descriptions:
- Three Black men, roughly 25–30 years old.
- Two are about 5'7""–5'9"" and 170–190 lbs; the third about 5'6""–5'7"" and 140–160 lbs.
- One early robber was seen wearing winter gloves, giving rise to the “Cold Hand” nickname.

Investigators urge anyone with information to contact the LAPD Robbery-Homicide Division or Crime Stoppers; tip lines and anonymous reporting options were provided. Police stress urgency because of the frequency and escalating brazenness of the robberies."
"22298"	"Superstorm Sandy battered the U.S. East Coast at the end of October, leaving widespread death, destruction and major disruptions across multiple states. By Tuesday the confirmed U.S. death toll was in the 40s (reports varied around 46), with many fatalities from falling trees, flooding or storm-related accidents; the storm had already killed dozens in the Caribbean before making landfall in New Jersey Monday evening.

Scope and human impact
- Coastal surges up to about 13–14 feet inundated low-lying areas; Lower Manhattan set a record tide of 13.88 feet.
- Entire neighborhoods were flooded or leveled, including massive fires in Breezy Point, Queens, that destroyed scores of homes.
- Hospitals were evacuated after power failures; many residents were stranded or forced from homes, and rescues were ongoing in hard-hit communities (e.g., Moonachie, NJ; Atlantic City; parts of Long Island and northern New Jersey).
- Authorities described the damage as unprecedented in a generation and “incalculable.”

Infrastructure, services and economics
- More than 6.6–8.2 million customers lost power across the region (most in New York and New Jersey).
- New York’s subway system suffered catastrophic flooding (stations and tunnels inundated, some up to ceiling level), with full service expected to be down several days; PATH and other commuter lines faced multi-day suspensions.
- Major airports in the region were closed (JFK, LaGuardia, Newark among others); over 16,000–18,000 flights were canceled nationally during the event, and stock exchanges were closed for weather-related reasons for the first time since 1888.
- Levees breached in parts of northern New Jersey, submerging towns; boardwalks and piers were washed away along the Jersey Shore and Atlantic City.
- Initial insured-loss estimates ran from billions (AIR Worldwide: $7–15 billion); some forecasts placed total property damage and economic losses in the tens of billions.

Geography and weather effects
- Sandy affected more than a half-dozen U.S. states from New England to the Midwest and Southeast. It merged with a cold front, creating a massive hybrid system that produced blizzard conditions and record October snows in parts of Appalachia, heavy rains and high winds across a broad area, and dangerous surf along the Great Lakes and Atlantic coasts.
- Canada (Ontario and Quebec) also experienced outages and at least one storm-related death.

Government response
- President Obama declared major disasters in New York, New Jersey and Connecticut, pledged federal resources, and planned visits to affected areas. Governors and local officials reported extensive damage and mobilized rescues and recovery operations; the National Guard and FEMA were being deployed.
- Officials warned recovery would take time and emphasized public safety—urging people to avoid parks, downed lines and flooded streets.

Overall picture
Sandy was a historic, complex storm whose storm surge, winds and flooding caused concentrated devastation across densely populated coastal areas—paralyzing mass transit, cutting power to millions, destroying homes and infrastructure, and producing heavy economic losses. Recovery and restoration of services were expected to be slow and costly."
"22541"	"Researchers have identified bovine belching—enteric fermentation in ruminants—as a major source of anthropogenic methane, a potent short-term greenhouse gas. Globally, livestock account for about 44% of human-caused methane from the food system; in the U.S., enteric fermentation contributes roughly 25–26% of methane emissions. Methane production in the rumen also represents lost feed energy for growth or milk.

A collaborative study led by Alexander Hristov (Penn State) with support from DSM tested the methane inhibitor 3‑nitrooxypropanol (3NOP) in a 12‑week randomized trial of 48 lactating Holstein cows. Cows received varying doses of 3NOP mixed into feed and methane was measured using feeding chambers and nostril-cannula methods. Key findings:
- 3NOP reduced enteric methane emissions by about 30% under industry-relevant conditions.
- Methane per unit of feed intake and per unit of energy-corrected milk fell by ~30%.
- Feed intake, milk production and fiber digestibility were not negatively affected; milk protein and lactose yields rose.
- Cows given 3NOP gained significantly more body weight (about 80% higher gain during the trial), indicating captured energy was redirected to tissue synthesis.
- The inhibitory effect persisted over the 12‑week period.

Independent experts welcomed the result but urged further work on the inhibitor’s mode of action, long‑term animal health effects, residues in manure/soil, environmental toxicity, and multi‑season trials. DSM aims to commercialize the additive and suggests farmers might later earn carbon credits for using it.

Overall, 3NOP shows promise as a scalable mitigation tool to cut ruminant methane emissions and improve feed efficiency, but longer-term, broader-scale studies and safety assessments are needed before widespread adoption."
"23283"	"Summary:

Steve Bannon stumped for Roy Moore in Fairhope, Alabama, primarily using the rally to attack national Republican figures—most notably Mitt Romney, Jeff Flake and Mitch McConnell—rather than focusing on Democrat Doug Jones. Bannon defended Moore, dismissed the sexual-misconduct allegations against him as a media “setup,” and promised to use Breitbart-style tactics that helped elect Donald Trump to secure Moore’s win. He also suggested he wants to keep Romney from running for the Utah Senate seat in 2018 and has even considered backing Orrin Hatch.

Bannon’s most personal attacks targeted Romney and his family, criticizing Romney’s Vietnam deferments and missionary service in France and mocking his sons’ lack of military service. Those attacks drew cheers from Moore supporters but provoked pushback from other Republicans: Senators Orrin Hatch and Mike Lee defended Romney’s missionary service, and Senate Majority Leader Mitch McConnell called Romney “truly remarkable” while deriding Bannon’s knack for backing losing candidates. Romney had publicly denounced Moore, calling him a “stain” on the GOP and praising Moore’s accusers as courageous; Jeff Flake even donated to Doug Jones.

Despite national Republican unease, Trump’s endorsement and renewed pro-Trump spending—which includes $1.1 million from a pro-Trump group and hundreds of thousands from Bannon-aligned groups—have revived Moore’s campaign, narrowing polls that showed him only slightly ahead of Democrat Doug Jones. Moore, who has largely stayed off TV and reduced public events since the allegations surfaced, portrayed himself at the rally as the victim of “fake news” and vowed to bring “Alabama values to Washington.”

The piece also notes the political calculus in Utah: Utah’s heavily Mormon electorate is generally hostile to Trump and sympathetic to Romney’s missionary service. Bannon’s attacks on Romney could therefore make any Bannon endorsement toxic in Utah and complicate Republican efforts there if Bannon intervenes in the 2018 Senate race. Overall, the coverage highlights GOP divisions over Moore, the tensions between nationalist/populist forces led by Bannon and more traditional Republicans, and how those rifts are reshaping campaigns and party dynamics."
"23526"	"House Republicans on Dec. 4 passed the Executive Amnesty Prevention Act, a mostly symbolic rebuke of President Obama’s recent executive actions on immigration that would declare any administration attempt to exempt people from deportation “null and void.” The bill, sponsored by Rep. Ted Yoho, passed the House 219–197 but faces certain defeat in the Democratic-controlled Senate and an Obama veto.

Leadership framed the vote as a way to register Republican opposition while avoiding a repeat shutdown fight: Boehner’s two-part strategy pairs the symbolic House measure with a plan to pass an omnibus funding bill keeping most agencies funded through September 2015 but funding Homeland Security only through February, preserving a future opportunity to press the administration on immigration. Conservative hard-liners pushed instead to insert anti-executive-action language into must-pass spending bills; some threatened to oppose Boehner’s funding plan as insufficiently aggressive. Boehner and other leaders say they need Democratic votes to pass the spending package and are seeking a pragmatic path that averts another fiscal crisis.

Democrats, immigrant advocates and the White House denounced the Yoho bill as harmful to families and unnecessary—arguing the president’s actions are lawful and needed given congressional inaction—and emphasized Congress should pursue comprehensive reform. The vote exposed intra-GOP tensions (a handful of Republicans opposed or voted present) and highlighted Nancy Pelosi’s insistence that Democrats will only support funding bills that don’t include harsh policy riders. Overall, the House action signals Republican opposition but is unlikely to change policy before the new Congress takes control."
"23700"	"A Chilean judge is continuing to probe the 1973 death of Nobel laureate Pablo Neruda and has ordered additional forensic tests on his remains. Judge Mario Carroza requested analyses for substances not examined in the initial investigation; those tests will be performed in Spain and other unspecified countries. Neruda’s body was exhumed in April 2013; earlier bone testing found no suspicious chemical agents, but his family and former driver—who has long alleged that dictatorship agents injected poison into the bedridden poet—asked for more proof. Officially Neruda, who suffered prostate cancer, died of natural causes on Sept. 23, 1973, soon after the Pinochet coup, but suspicions of foul play have persisted.

Separately, over 20 unpublished Neruda poems were discovered in boxes of his manuscripts at the Pablo Neruda Foundation in Chile. Described by his Spanish publisher Seix Barral and scholars as works of “extraordinary quality,” the poems—mostly love pieces and odes to everyday objects written after Canto General—will be published in Latin America in late 2014 and in Spain in early 2015. Biographers and critics praised the find but noted that definitive conclusions about Neruda’s death may remain difficult after four decades."
"23909"	"President Trump stopped in Warsaw on July 6 on his way to the G20 in Hamburg, meeting President Andrzej Duda and delivering a high-profile speech at the Three Seas Summit and in Krasinski Square. Poland’s conservative Law and Justice Party (PiS) views the visit as a diplomatic win, signaling U.S. goodwill for a government criticized at home and in Brussels for restricting judicial independence, attacking dissenting media, opposing migrant quotas and resisting EU climate rules.

Why Poland:
- A friendly reception: Poland’s ruling party organized large crowds and a favorable setting, ensuring positive optics unlike the protests expected at other stops.
- Ideological alignment: PiS and Trump share populist, nationalist stances—prioritizing national interests on immigration, climate policy and skepticism of liberal elites—making the visit mutually beneficial.
- Defense spending and NATO: Poland meets NATO’s 2% GDP defense-spending guideline (one of few members to do so), so Trump could praise it and use the visit to reward compliant allies; Poles also hope for reassurance on NATO’s collective-defense commitments after Trump’s earlier reluctance.
- Energy and commerce: The Three Seas Summit focus on reducing dependence on Russian energy dovetails with recent U.S. LNG exports to Poland; Trump is expected to highlight economic benefits for American businesses.
- Possible EU rift: The visit bolsters Poland’s regional leadership ambitions and may be read as Washington’s willingness to engage directly with governments challenging EU institutions.

Controversies and symbolism:
- Critics worry the stop legitimizes PiS’s domestic policies and signals distancing from EU partners. Trump’s Krasinski Square speech—at a site symbolic of Polish resistance to Nazi occupation—carries historical resonance that some interpret as a rebuke to Germany.
- Trump is not widely expected to press Poland on human-rights or rule-of-law concerns; instead, the visit emphasizes shared politics, defense cooperation and energy ties.

Overall, the trip offered Trump warm reception and strategic talking points (defense spending, energy deals, and populist solidarity), while providing the Polish government domestic legitimacy and international visibility amid tensions with the EU."
"24260"	"Summary:

The piece criticizes Lena Dunham for saying on her podcast that, although she has never had an abortion, she “wishes” she had one to help normalize the procedure. The author compares Dunham’s remark to a prior controversial column by George Will that treated victimhood as a “coveted status,” arguing Dunham’s comment similarly trivializes real trauma and the complex realities of abortion. The column stresses that abortion is a medical procedure that can be physically and emotionally difficult, and that many patients face moral, religious, legal, and logistical barriers. Given ongoing legal attacks on abortion access—especially in rural and red states—and the fragility of court protections, the author says pro-choice advocates must represent the issue carefully. Flippant celebrity statements like Dunham’s, they argue, are tone-deaf, insulting to women who have had abortions, and provide fodder for critics while reinforcing stereotypes about privileged urban feminists rather than advancing thoughtful public understanding. The article notes Dunham’s comments provoked backlash from both anti‑abortion and pro‑choice observers."
"24807"	"Between 2007 and 2017, 13 babies were born in three rural French areas with missing hands, forearms or arms: seven around Druillat in Ain (2009–2014), three in Mouzeil, Loire‑Atlantique (2007–2008), and three in Guidel, Brittany (2011–2013). The clusters drew concern because such limb malformations are rare; Remera, a research group led by epidemiologist Emmanuelle Amar, says the Ain cluster is far above expected rates (claiming ~58 times higher) and argues the pattern is unlikely to be random. Remera ruled out genetic causes, maternal medication, alcohol or obvious behavioral links after detailed interviews with mothers, noting only that the families lived in very rural, agricultural areas. They also cite reports of malformed calves in the Ain area at the same time as circumstantial evidence pointing toward agricultural exposures such as pesticides.

France’s public health agency, Santé Publique France, investigated, spoke to families, and visited homes. It concluded it found no common exposure (including pesticides) and judged the Ain cases within the national average, while acknowledging excesses in Loire‑Atlantique and Brittany. The agency has closed its inquiry, saying no working hypothesis of a common cause justifies further investigation.

Families, Remera and some public figures condemn the decision to stop: parents want answers about possible environmental causes, and scientists at Remera say further multidisciplinary study (including ecotoxicology) is needed but lack funding. The situation remains unexplained, with disagreement between authorities and independent researchers over whether additional investigation is warranted and whether agricultural chemicals could be implicated."
"24898"	"At her April 15 Coachella headline set in Indio, California, Lady Gaga surprised fans by debuting and then immediately releasing a new single, ""The Cure."" Midway through her 18-song, 90-minute show she introduced the song—her first public performance of it—and later told the crowd the track was available that night on iTunes. Musically, ""The Cure"" mixes R&B and dancehall-tinged verses with a pop-friendly chorus and lyrics about healing someone with love. The Coachella set spanned Gaga’s career with hits like ""Just Dance,"" ""Born This Way"" and ""Bad Romance""; she stepped in as headliner after Beyoncé withdrew due to pregnancy."
"24911"	"Michael McFadden, 46, of Grand Junction, who was convicted in 2015 on 19 counts of sexual offenses (including habitual sex offender status) for molesting six children and sentenced to more than 300 years, was briefly freed this week after the Colorado Court of Appeals overturned his convictions. The appeals court found his statutory right to a speedy trial was violated when the trial judge granted a continuance after a jury questionnaire—drafted by the defense and referencing McFadden’s prior offense—was discovered partway through selection. The trial judge had ordered the continuance to protect McFadden’s constitutional right to a fair trial; the defense had objected and invoked speedy-trial protections. Because the appeals court ruled the delay violated the six-month statutory limit and that remedy barred retrial, the convictions were vacated. The Colorado Supreme Court declined to review the decision.

The release drew widespread outrage from victims, community members and Mesa County District Attorney Dan Rubinstein, who called the outcome a “travesty” and said the system failed. Rubinstein has urged legislative change and criticized the Court of Appeals judges; the Attorney General petitioned the Supreme Court arguing precedent allows extending the six-month rule to protect constitutional rights, but that petition was denied. After his Tuesday release, authorities learned McFadden still had an outstanding registration obligation from a 1990 sexual assault conviction; an arrest warrant was issued and he was taken into custody in El Paso County on Friday on that matter, held on a $1,000 bond."
"27493"	"This mixed article compiles reactions and commentary around the Mueller probe’s indictment of Russian nationals and organizations for meddling in the 2016 U.S. election, juxtaposed with other political and media responses.

Key points:
- The Department of Justice unsealed charges against 13 Russian nationals and three Russian organizations accused of conducting an influence operation to support Donald Trump and harm Hillary Clinton in 2016.
- Former Director of National Intelligence James Clapper said the indictment affirms the intelligence community’s assessment that Russia masterminded a direct and unusually aggressive campaign to interfere in the election. He cautioned that the nation is losing focus on the broader Russian threat amid partisan reactions.
- President Trump repeatedly tweeted that his campaign did not collude with Russia, called the investigation a “hoax,” and blamed Democrats and former officials. He also criticized Rep. Adam Schiff and suggested former President Obama was responsible for failing to stop Russian interference.
- Conservative commentator Rush Limbaugh warned Trump not to celebrate the indictments as vindication, arguing the probe could still lead to political trouble for Trump and claiming the Steele dossier was opposition research. Limbaugh and others framed the investigation as partisan and suggested it was intended to set Trump up for impeachment.
- The piece also references broader partisan responses and other political commentary tied to contemporaneous news, including criticism of the FBI’s focus after a Florida school shooting and other political soundbites, illustrating how the Russia story was being interpreted through highly polarized lenses.

Overall, the article presents the indictment as confirmation of Russian interference while documenting sharply divided public and political reactions—ranging from acceptance and alarm (Clapper) to denial and accusations of partisan persecution (Trump, Limbaugh)."
"27651"	"Anderson Cooper is launching a one-hour, nationally syndicated daytime show in fall 2011 while remaining anchor of CNN’s Anderson Cooper 360° at 10 p.m. Cooper will also be executive producer; the program (untitled) will be produced by Telepictures and distributed by Warner Bros. Domestic Television Distribution. The show will cover social issues, trends, pop culture, human-interest stories and celebrities, and will include town-hall meetings and undercover investigations aimed at creating a daily destination for multiple generations of women to be informed and entertained. Cooper said the daytime format lets him explore stories in more depth and relate to audiences differently. He has extended his CNN contract for an undisclosed period and will continue contributing to 60 Minutes. CNN president Jim Walton welcomed the move as positive for Cooper, CNN and Time Warner. The announcement comes amid broader management and programming changes at CNN."
"27696"	"Sen. Marco Rubio spent Sunday promoting bipartisan immigration legislation and addressing several other policy topics across multiple network interviews.

Key points on gun policy:
- Rubio argued that focusing only on background checks for gun buyers misses the root problem of violence. He said criminals will still find ways to get guns and urged a broader conversation about why violent acts occur.
- He hasn’t fully read the Manchin-Toomey compromise but said he’d consider measures that keep guns from criminals while protecting law-abiding citizens’ Second Amendment rights.

Immigration advocacy and details:
- Rubio strongly backed the Gang of Eight bipartisan immigration proposal, rejecting characterizations that it amounts to amnesty. He emphasized that the status quo is harmful and the bill would impose consequences for illegal entry.
- He outlined the anticipated process for undocumented immigrants: come forward, pass a rigorous background check (criminals won’t qualify), pay an application fee and fine, receive a guest-worker permit to live, work, travel and pay taxes, and remain in the system for over a decade before applying for a green card through the existing federal process — not a special shortcut.
- Rubio defended the plan as compassionate, responsible, and fair to legal applicants, and he said he’s reading final drafts before formally endorsing legislation. He also played down suggestions that his visibility on the issue is a calculated presidential move.

Other foreign-policy and cultural remarks:
- On Cuba and pop culture, Rubio criticized Jay-Z’s visit, urging him to learn about the island’s human-rights abuses (citing jailed Cuban rapper Angel Yunier Remon Arzuaga) and called for tightening travel policies that he says funnel hard currency to the regime.
- Regarding North Korea, Rubio described its regime as a “criminal syndicate,” welcomed diplomatic engagement by Secretary of State Kerry with China, and expressed the goal of a denuclearized, reunited Korean peninsula.

Overall, Rubio sought to reassure conservatives that immigration reform isn’t amnesty, to frame guns as a symptom of deeper violence, and to highlight human-rights and security concerns in U.S. foreign policy."
"29439"	"Jobseekers are sharpening interview skills as the job market shows signs of improvement in 2010, with unemployment claims falling to their lowest in over two years. Glassdoor.com analyzed 80,000 user-submitted interview questions and highlighted some of the oddest and most challenging questions top employers asked this year. The results show elite firms such as Goldman Sachs and Google pushing candidates to think far outside the box—raising the question of which queries are fair tests and which are just bizarre."
"29714"	"New Zealand Prime Minister Jacinda Ardern has given birth to her first child, a daughter weighing 3.31 kg (7.3 lb). The 37-year-old delivered in Auckland at 16:45 local time, four days past her due date, and announced the birth on social media, thanking hospital staff and well-wishers. Ardern—elected in October and the country's youngest PM since 1856—has taken six weeks' maternity leave, during which Deputy Prime Minister Winston Peters will carry out her duties; she says she will remain consulted on major issues and continue reading cabinet papers. Ardern is only the second elected head of government in modern history known to give birth while in office (after Pakistan’s Benazir Bhutto in 1990). Colleagues and politicians sent congratulations, and commentators noted Ardern’s unassuming approach—arriving at hospital in a private car and using public hospital services."
"30108"	"Researchers at the Library of Congress discovered that a well-known Civil War image labeled “Gen. Grant at City Point” is a photomontage assembled from three separate 1864 photographs, not an authentic scene. The composite, likely created and copyrighted around 1902 by Levin C. Handy (nephew and heir to Mathew Brady’s negatives), was made by combining: Grant’s head from an 1864 Cold Harbor portrait, the body and horse from a July 1864 portrait of Maj. Gen. Alexander M. McCook, and a background showing Confederate prisoners from the September 1864 Fisher’s Hill engagement. Handy produced such “patriotic” images for a turn-of-the-century market of veterans and publishers, blurring fact and fiction for commercial and commemorative purposes. The discovery underscores how nineteenth-century photographers already used montage and manipulation—and serves as a reminder to question the apparent truth of historical (and modern) photographs."
"33118"	"Archaeologists have studied multiple Roman shipwrecks that reveal how the empire transported and even kept live fish and vast quantities of fish products at sea.

A second-century, 55-foot trade vessel found in 1986 off Grado (northeastern Italy) carried some 600 amphoras of salted fish, sardines and garum. Detailed study of its stern revealed a 51-inch-long, 2.7‑inch‑diameter lead pipe bored through the keel into a small bilge well. Researchers reconstruct a deck fish‑tank system: a roughly 4 m3 (141 ft3) tank placed aft could hold about 200 kg (≈440 lb) of live fish (sea bass or sea bream). A hand‑operated piston pump connected to the lead pipe could exchange seawater at a calculated flow (about 66 gallons/min), refilling the tank in ~16 minutes and replacing water roughly every half hour to keep it oxygenated. Investigators stress that a hole through the keel would only be made for a compelling operational reason, supporting the interpretation that the apparatus was used to carry live fish.

Separately, teams have located other deep‑water Roman wrecks laden with garum amphoras. A vessel found off Liguria (near Alassio) at ~200 m depth was identified as a first‑ or second‑century cargo ship carrying an estimated 2,000–3,000 amphoras of garum—likely shipped from fish‑sauce production centers in Spain (e.g., Cadiz) toward Rome—plus some wine jars from the Tiber region, suggesting coastal routing between Iberia and Italy. Another large wreck off southeast Spain (near Alicante), dated to around A.D. 50, contained more than 1,200 amphoras of garum; it likely sank in a storm while en route to Rome.

These finds illuminate Roman maritime trade in fish products, shipboard technology for transporting live fish, and ancient trade routes, while also raising concerns about protecting deep sites from looting."
"35142"	"The U.S. hit a milestone in 2017 when wind and solar supplied about 10% of the nation’s electricity in March—the first time those two sources combined reached that level—and the Energy Information Administration (EIA) estimates April likely hit or exceeded 10% as well. Wind contributed roughly 8% and solar about 2% in March. That reflects rapid growth from under 1% a decade ago and an annual share near 7% in 2016.

Seasonal patterns help explain the spike: spring “shoulder” months often bring stronger winds, favorable daylight, and lower overall demand (less air conditioning and heating), so renewables make up a larger share of generation. Conversely, summer demand often increases reliance on natural gas and coal, reducing renewables’ percentage. Infrastructure improvements (new transmission) and state renewable portfolio standards have also enabled more deployments; Texas leads U.S. wind generation, California leads solar, and some states (e.g., California, Iowa, Hawaii) have especially high renewable shares or ambitious targets.

Analysts expect continued growth: the EIA projects wind and solar could reach 10% annual share by 2020, and some experts foresee monthly peaks of 15% within a few years. Battery storage deployment is also expanding—helping integrate variable resources—though growth in storage projects may vary through the year.

The milestone comes despite federal-level support for coal under the Trump administration; market forces, state policies, and falling costs are driving utilities toward natural gas and renewables. The data and expert commentary underline that wind and solar are no longer merely “alternative” but are becoming major components of U.S. electricity supply."
"35713"	"About 60 high school swimmers from Rancho Verde High School were doing a planned long-distance ocean swim off La Jolla Cove when gusty winds, 2–4-foot chop and 59°F water caused several teens to panic and struggle. San Diego lifeguards responded with surfboards, jet skis, boats and waverunners and pulled roughly 18–22 students to safety between La Jolla Cove and La Jolla Shores. One 16‑year‑old was unconscious, treated for water inhalation and early hypothermia and taken to a hospital; several others received on‑scene care for swallowing water and cold. Lifeguards had briefed the group beforehand and recommended postponing the swim, but coaches proceeded. All swimmers were eventually accounted for; officials called the incident a serious but teachable safety lesson."
"35741"	"Jenny Baker, from Rotherhithe, met a 64-year-old homeless man in Dalston who told her he wanted nothing more than to return to Jamaica. After buying him a ginger beer and sandwich and hearing his story — that he came to England with his mother, who later died leaving him homeless — Baker launched a GoFundMe to buy him a plane ticket and help him restart his life there. She set an initial target of £800; within a day the campaign had far exceeded that, raising roughly £3,000–£4,500 from over 500 donors. Baker says any extra funds will be used as a start-up fund for the man, whom she knows only as Michael, and is trying to track him down to share the news. The appeal drew wide praise on social media and follows other successful Twitter-led reunions and support efforts. Baker plans to close the page on Friday, seek expert advice, and keep donors updated on Michael’s progress."
"36178"	"The document discusses a White House paid family leave proposal championed publicly by Ivanka Trump. Her advocacy contrasts with some conservative criticism: a Wall Street Journal editorial called the plan “bad policy and worse politics,” arguing it would raise business taxes. The Trump administration’s 2018 budget would require states to provide six weeks of paid leave for new parents (including adoptive parents), funded through unemployment insurance. Ivanka Trump responded in a Wall Street Journal letter defending the program as an investment in working families rather than an entitlement, and has held meetings with both Democrats and Republicans on the issue. The proposal has limited GOP support, though scaled-back paid-leave elements might be folded into a Republican tax overhaul. The document also includes unrelated archival-site crawl notes about preserving web pages to prevent broken links."
"36781"	"Kickstarter has relaxed its rules and approval process to allow most projects that aren’t illegal, regulated, or dangerous, and to permit anything creators honestly represent—reinstating many categories previously banned (sunglasses, bath/beauty products, etc.) while still forbidding charity campaigns, GMOs, and misleading photorealistic renderings. Former manual pre-launch checks are being replaced by an algorithmic screening that profiles projects against past approvals and violations; creators who pass can launch immediately or opt for human feedback. Founder/co‑founder Perry Chen and CEO/cofounder roles aside, cofounder Yancey Strickler frames this change as part of Kickstarter’s evolution into a “Mature Era,” where the platform balances broader openness with the need for clear rules to protect its brand and community reputation.

The policy shift helps explain how wildly whimsical campaigns—like Zack Danger Brown’s now‑famous “potato salad” project, which asked for $10 and quickly drew tens of thousands in pledges—can flourish. Brown’s campaign demonstrated the new climate: internet virality, rapid stretch goals, and a large, engaged backer community. While some practical delivery challenges and questions about attracting low‑quality or copycat projects remain, Kickstarter hopes faster, algorithm-driven approvals will free staff to work more deeply with creators while preserving the platform’s cachet and higher success rates relative to competitors."
"37837"	"Rep. Trey Gowdy opened the House Select Committee on Benghazi by honoring the four Americans killed—Ambassador Chris Stevens, Sean Smith, Glen Doherty and Tyrone Woods—and stressing the committee’s mandate to establish a complete, fact-based account of what happened before, during and after the September 11, 2012 attacks. Gowdy listed a long series of specific questions the investigation must answer: why U.S. personnel were in Libya and what they were doing; the nature of the escalating violence beforehand; requests for security, personnel and equipment and why they were denied; the adequacy of the Benghazi compound’s security; military posture and response; actions and discussions in Washington during the attacks; the differing public explanations of the causes; and why documentary and eyewitness information has been difficult to obtain.

Gowdy argued prior inquiries—the Accountability Review Board (ARB), multiple congressional probes and others—were insufficiently thorough or independent because they were narrow in scope, failed to interview many witnesses and lacked access to all relevant documents, including emails from Ambassador Stevens and Secretary Hillary Clinton. He announced that this committee had compelled production of more than 50,000 pages of documents, interviewed scores of witnesses (many for the first time), reviewed thousands of State Department pages, and sought materials from CIA, FBI, DOD, State and the White House. He revealed the discovery that Clinton used a personal email account on a private server for official business, retained custody of her records for nearly two years after leaving office, and that her lawyers decided what to return—facts the committee contends hampered prior investigations. He criticized the ARB process as influenced by State Department leadership, lacking Clinton interviews or email review, and allowing her advisor to suggest edits to its report. Gowdy framed the investigation as honoring the fallen and fulfilling the government’s duty to tell the truth to the American people, insisting the committee would complete a “final, definitive accounting” and sought Clinton’s cooperation while insisting the probe was not personally about her.

Hillary Clinton’s opening statement likewise honored the four who died and praised their service, particularly Ambassador Stevens’ diplomatic work in Libya. She described her responsibilities as Secretary of State, took responsibility for the department’s work and said she initiated reforms after the attacks. Clinton emphasized three main observations: (1) America must continue to lead and have diplomats operate in dangerous places—their work matters and withdrawing would have costs; (2) the U.S. has a duty to provide diplomats adequate resources and protections, noting the ARB identified systemic problems and recommended 29 reforms that she began implementing and that Secretary Kerry has continued; and (3) the need for bipartisan, fact-based leadership that puts national security above partisanship. She cited historical precedent for bipartisan responses to embassy attacks, urged Congress to partner on reforms (noting some congressional hold-ups on training initiatives), and called for debate grounded in facts rather than politics.

Exchange excerpt: Rep. Susan Brooks questioned Clinton about the absence of 2012 emails regarding an April bombing at the Benghazi compound. Clinton replied that much of her official work was conducted in meetings, secure calls, reading memos or through classified channels rather than routine email, and that she did not do the “vast majority” of her work by email.

Additional context included a fact-check comparison noting that Benghazi drew numerous congressional investigations and hearings over a longer period, while the 9/11 Commission was a concentrated, resourced inquiry; costs, staffing and witness counts differed between them. Media coverage also highlighted Clinton’s statement that she “did not conduct most of” her Secretary of State work by email and noted ongoing concerns about her use of a private email server, which attracted political controversy and an FBI review.

Overall, the document frames the Select Committee’s inquiry as an effort to answer unresolved questions about security decisions, accountability and transparency surrounding the Benghazi attacks, while presenting Clinton’s perspective emphasizing service, reforms undertaken, and a call for bipartisan, constructive responses rather than partisan inquiry."
"38618"	"Authorities say a widespread series of emailed bomb threats circulated across the U.S. on Dec. 13, 2018, but appear to be a hoax aimed at extortion. Tens of thousands of messages were sent to universities, schools, businesses, courthouses and news outlets in dozens of cities — including New York, San Francisco, Seattle, Orlando, Atlanta, Detroit, Oklahoma City and others. Many emails demanded roughly $20,000 in bitcoin and used subject lines like “Think Twice.” No explosive devices were reported found, but the threats forced evacuations, early school closures and police responses while agencies investigated.

The New York City Counterterrorism Bureau and other local departments said the threats were being monitored and were “not considered credible.” The FBI and federal partners were involved in inquiries. Cybersecurity firm AppRiver, which analyzed copies of the messages, said the poorly worded emails appeared to originate from a server in Moscow and resemble recent mass extortion (“sextortion”) campaigns, though the attackers’ true location is unclear. Police nationwide continued to assess and respond to individual threats."
"38698"	"Kim Jong-un made his first public appearance since his father Kim Jong-il’s death by visiting the Kumsusan mausoleum to pay respects, as North Korea intensified propaganda to present a smooth, loyal transition to the young leader. State media and televised images showed large, emotional public displays of mourning and praised Kim Jong-un with language previously reserved for his father, portraying him as the new “spiritual pillar” and legitimizing a third-generation dynastic succession.

Official coverage emphasized continuity: Kim Jong-un was shown accompanied by senior party and military officials (though no surprising new figures appeared), and state outlets equated his ideology with Kim Jong-il’s. North Korea said Kim Jong-il died of a stress- and overwork-related heart attack. Kim Jong-un is believed to be in his late 20s and partly Western-educated (having studied in Switzerland), raising questions abroad about his experience and ability to command loyalty from veteran military and party elites.

International reactions were cautious. China and Russia quickly offered condolences and signaled support; the U.S. and South Korea urged a peaceful, stable transition while pursuing diplomatic moves (including U.S. outreach to regional powers and suspending a food-aid plan). Seoul said it would not send a delegation to the funeral but would permit certain family visits. Observers warned of risks—most notably potential instability or a breakdown in control over North Korea’s nuclear forces—but some analysts suggested the generational change could open limited opportunities for engagement if handled carefully."
"39453"	"A new study published in GeoHealth by researchers at Stony Brook University warns that lunar dust could be seriously toxic to humans who spend extended time on the Moon or other airless bodies. Because the Moon lacks an atmosphere, its soil is continually bombarded by solar charged particles and becomes electrostatically charged; the dust clings to suits and equipment and was tracked into Apollo modules, producing short-term “lunar hay fever” symptoms in astronauts. 

Laboratory tests used terrestrial simulants that mimic lunar highlands and mare soils (ground fine enough to be inhaled) and exposed them to human lung cells and mouse neurons. The simulants killed or damaged cells dramatically—up to 90 percent cell death in some cases—and caused significant DNA damage in neurons; lung-cell damage was so severe DNA damage could not be fully measured. The authors suspect mechanisms such as inflammation or free-radical generation.

Researchers caution that even small amounts of inhaled lunar dust could irritate eyes, throat and airways, impair lung function, and—with chronic exposure—raise risks of bronchitis, scarring, and cancer. Because the dust clings to surfaces, fully eliminating exposure during longer stays (weeks to months) is unlikely, posing an additional health challenge for future crewed missions and habitat design."
"39565"	"A five-year-old B.C. girl, Lexi Shymanski, is being hailed as a hero after flagging down help following a single-vehicle crash on June 8 about 15 km outside Jasper, Alta. Driving home from a Calgary-area vacation, her mother Angela fell asleep at the wheel and the family’s SUV plunged 12 metres down a steep, rugged embankment and hit a tree. Angela was knocked unconscious and suffered multiple serious injuries—including fractured vertebrae, broken ribs, internal injuries that required spleen removal and major surgery—and had to be resuscitated twice en route to hospital. Baby Peter (about four months old) later was found to have a significant brain bleed and required emergency surgery and several days in hospital.

Lexi awoke to her brother crying, unlatched her five-point car-seat harness, opened the damaged passenger door, and barefootedly climbed the steep embankment to flag down passing motorists. The first responders she attracted removed the baby; a later passerby who was a paramedic recognized not to move Angela and stayed with the family until emergency crews arrived. Paramedics later needed ropes to reach the crash site. Angela believes Lexi’s actions likely saved her life and her brother’s, since the crash site was not visible from the highway and searchers might not have found them.

Lexi suffered only minor physical injuries (a scratch and soft-tissue neck pain) but is experiencing nightmares. Angela remains seriously injured—using a wheelchair, recovering from nerve damage in her left leg, and undergoing ongoing consultations—with a long rehabilitation ahead. The family has received community and charity support (including air-ambulance services and donations via GoFundMe) while Angela’s husband Travis is on leave to care for them. Angela credits earlier safety training taught to Lexi for enabling her to seek help and says the family feels extremely fortunate."
"40535"	"President Trump traveled to hurricane-hit Puerto Rico after a weekend feud with San Juan Mayor Carmen Yulín Cruz, whom he had publicly criticized on Twitter for alleged poor leadership and for urging federal help. Before departing, Trump told reporters Cruz had “come back a long way” and that people were acknowledging “what a great job we’ve done,” though he cited no specific comments by Cruz to support that claim. He praised FEMA, the military and first responders while reiterating his complaint that local officials had not mobilized enough truck drivers and other workers to assist distribution.

Trump and First Lady Melania met Cruz briefly on arrival; she accepted the invitation to participate out of respect and said the focus should be saving lives, not politics. Cruz had been outspoken in previous interviews and news conferences about delays and inefficiencies in the federal response, saying people were “dying” and asking for competent leadership from the administration. Puerto Rico Governor Ricardo Rosselló and others have described the situation as a humanitarian disaster, with power restoration expected to take months. International relief groups such as Oxfam announced involvement, citing concerns about the U.S. response. White House officials had invited Cruz to join presidential events on the island."
"41198"	"Rep. Ken Buck (R-Colo.) tweeted a photo showing himself and Rep. Trey Gowdy (R-S.C.) in Buck’s House office holding an AR-15 painted with an American-flag motif. The image drew criticism because AR-15s and high-capacity magazines are banned in Washington, D.C., but the U.S. Capitol Police and D.C. authorities confirmed no law was violated: Members of Congress are exempt from local gun restrictions and may keep firearms in their offices if unloaded and approved by Capitol Police. Buck’s office said the rifle was rendered inoperable (the bolt carrier was removed and kept in Colorado), was brought in a locked case with Capitol Police approval, and described it as a “patriotic paperweight.” After initial referrals and inquiries, the D.C. attorney general’s office referred complaints to the Metropolitan Police, but Capitol Police took charge and cleared Buck. Buck’s campaign later used the incident in a fundraising email framing it as an attack by “anti-gun liberals.”"
"41660"	"A University of Southern California Annenberg Innovation Lab report shifts blame for online movie and music piracy from just file-sharing sites to the major ad networks that place ads on them, arguing there is a direct financial link between top ad networks and leading pirate sites. The study names the networks that place the most ads on illicit-download hubs; among the companies identified are lesser-known ad firms and two big, familiar players — Google (ranked No. 2) and Yahoo! (No. 6).

The report highlights how large-scale ad platforms work: beyond search results, Google’s display network serves ads across millions of partner sites that share revenue with Google, and those partners are required by terms of service to prohibit copyright infringement. In practice, however, enforcement has largely depended on rights holders to flag offending sites. Google and Yahoo! quickly disputed the report’s implications, saying they haven’t seen the methodology, that mere ad code presence doesn’t equate to financial support, and that they have policies and enforcement efforts to block infringing sites.

The study reframes piracy enforcement as a problem of ad-network responsibility, raising legal and practical questions about liability when automated ad systems place ads on illegal sites. USC’s director Jonathan Taplin hopes advertisers will self-police and demand removal or sever ties with networks that place their ads on pirate sites. The report may also revive pressure for stronger legislative action from Hollywood groups like the MPAA, which argues piracy causes major financial losses. (Separately noted: Alexa Internet has donated crawl data to the Internet Archive since 1996, which feeds the Wayback Machine.)"
"41905"	"New government data show U.S. flu activity is beginning to level off nationwide: cases are declining in most regions but still rising in the West. Hospitalizations and deaths rose again last week, especially among the elderly, and public-health officials stress prompt antiviral treatment for high-risk groups. The season’s first Tamiflu-resistant flu case was reported. Pediatric deaths increased by eight, bringing the season’s total to 37 (compared with about 100 in an average season). Flu vaccine is still available though sometimes hard to find; the CDC offers a vaccine-locator on its website.

Separate reports say actor Burt Reynolds was hospitalized in Florida with severe flu symptoms and dehydration and was treated in intensive care. His representative said he was improving, expected to move out of ICU once stabilized, and that his fever had come down."
"42469"	"Kennan Jones, 44, is recovering after a brutal, multi-minute beating by a group of young people on DART’s Green Line late Sunday night. According to Jones and a video posted to Facebook, the attack began after he asked passengers to stop smoking on the train. The assault escalated on board and continued on the Deep Ellum platform, where several others joined in; at one point a woman struck Jones with a skateboard and he was knocked unconscious. He suffered a black eye, bruised ribs and sore knees and was treated and released from the hospital.

Witnesses recorded the incident and shared the footage widely. Jones criticized the train operator for not stopping at Deep Ellum to summon police, and said he felt disrespected by DART officers who arrived. DART acknowledges the attack, says it is investigating and asks the public for tips, noting it can pursue charges even if a victim declines; a spokesman also cited limited staffing near the end of service. The DART police report reportedly lists Jones as wanting to press charges but marks the case closed, a point Jones disputes. The episode has reignited rider concerns about safety at Deep Ellum—where other recent violent incidents and homeless encampments have been reported—and about the limited presence of onboard cameras. Anyone with information is asked to contact DART Police."
"42590"	"Qatar’s longtime ruler, Sheikh Hamad bin Khalifa Al Thani, unexpectedly announced on June 25, 2013 that he was transferring power to his 33-year-old son, Sheikh Tamim bin Hamad Al Thani. The bloodless handover is unusual among Gulf monarchies, where leaders typically rule for life or are ousted in coups. The change reinforces Qatar’s image as a young, ambitious state: huge gas wealth, a sovereign wealth fund, global investments (Harrods, LVMH, PSG), Al Jazeera, an expanding national airline, and an active, interventionist foreign policy—mediation roles, support in Libya and Syria, and hosting talks involving the Afghan Taliban.

Domestically, Qatar is overwhelmingly prosperous (very low unemployment, extensive social benefits, major infrastructure projects and the 2022 World Cup), but it remains an absolute monarchy without real democracy. Observers and some Qataris cautiously hope Tamim’s accession could bring incremental political and social reforms: the outgoing emir had promised delayed parliamentary elections, there are calls to empower the legislature (e.g., to appoint the prime minister), and reports suggest the new cabinet may include one or two women for the first time. Human-rights activists and lawyers point to symbolic early gestures such as the possible release of a jailed poet as tests of openness. Much change, however, is expected to be top-down: Tamim has been closely involved in governance for years and the outgoing emir is likely to remain influential.

In practical terms, immediate changes will be limited to personnel shifts at the top as Sheikh Tamim forms his inner circle; foreign policy is expected to remain largely consistent, likely staffed by experienced insiders. The transfer also signals a generational shift in the region’s leadership and underscores Qatar’s continued ambition on the world stage."
"43336"	"Summary:

Over the past week several media outlets reported that parts of the U.S. intelligence community are withholding sensitive information from President Donald Trump out of concern it could be compromised, improperly leaked, or ignored. The New York Observer ran a provocative piece suggesting signals intelligence had corroborated some non-salacious elements of the Steele dossier and quoting officials who said agencies were “holding back the good stuff” and feared Kremlin eavesdropping in the Situation Room. The Wall Street Journal published a related report citing current and former intelligence officials who said in some cases they have not shown Trump sources and methods—though they also said they were not aware of any omission of crucial threat information. The White House disputed the accounts. The reporting has prompted sharp reactions: critics argue the coverage paints Trump as incompetent and omits context such as prior expansions of surveillance authorities, while supporters of the intelligence community say unauthorized leaks of classified material are themselves a serious problem. Overall, the stories highlight growing mistrust and tensions between the White House and parts of the intelligence community."
"43920"	"This document mixes three unrelated items: a short profile of the Arizona State Library, Archives and Public Records; a web-archive collection description; and a news story about blogger Katie Bower’s controversial Instagram birthday post about her six-year-old son.

- Arizona State Library, Archives and Public Records: A state agency that provides access to Arizona’s historical and contemporary resources (law, government, genealogy, maps, Arizoniana). It houses the official state archives, a state and federal publications depository, the state law library, the Capitol Museum, and offers services for the visually/physically impaired, support to public libraries, and public records management. URL: http://www.lib.az.us/. Archive-It partner since April 2007.

- Archive-It collection note: A set of web captures curated by Mark Graham via the Internet Archive’s Archive-It service, including ISKME.org and IGC.org sites; publicly available and contactable via the curator.

- Katie Bower Instagram controversy: DIY/parenting blogger Katie Bower (Instagram @bowerpowerblog, ~52,000 followers) posted a birthday message for her son turning six that praised him but also lamented that his photos “never got as many likes” as her other children’s, calling it a “statistical deficit.” She asked followers to give his photos likes for the birthday. The post prompted strong backlash on social media—criticism focusing on valuing children by online engagement and concerns about influencer parenting—alongside some supportive comments. Bower later defended the post as part of her personal growth and a lesson that likes don’t reflect real worth, responded to critics in an Instagram Story, then archived (removed) the post because the ensuing “drama was out of hand,” saying she would instead read her son the birthday wishes."
"44348"	"The American Heart Association and the American College of Cardiology released major new prevention guidelines that substantially change how clinicians decide who should take cholesterol‑lowering statin drugs and how cholesterol is managed.

What changed
- Shift from LDL‑target numbers to an overall risk‑based approach. The guideline panel found no randomized‑trial evidence that treating to specific LDL targets reduces events.
- Stroke is now counted alongside heart attack in risk calculations.
- Statins are emphasized as the primary proven therapy; other cholesterol drugs (e.g., ezetimibe/Zetia and combination products) are discouraged when used solely to hit LDL targets because they lack clear evidence of reducing heart attacks or strokes.
- A new pooled risk calculator (incorporating age, sex, race, total and HDL cholesterol, blood pressure, diabetes, smoking) is recommended to estimate 10‑year risk; a 7.5% 10‑year risk threshold is used to recommend statin therapy for primary prevention in people aged 40–75.

Who should be considered for statins
- People with established atherosclerotic cardiovascular disease.
- Individuals with LDL ≥190 mg/dL (familial or very high LDL).
- Adults 40–75 with diabetes.
- Adults 40–75 without diabetes who have a ≥7.5% estimated 10‑year risk of cardiovascular events.

Impact and controversy
- The guidelines expand the pool of adults who might be recommended statins (estimates range from roughly 15% up to about 31–33% of adults, potentially doubling current numbers), raising debate about overtreatment and exposure to statin side effects (muscle symptoms, small increased diabetes risk).
- Supporters say the approach focuses treatment on those most likely to benefit and avoids unproven add‑on drugs; critics worry about removing clear LDL targets (which many clinicians and patients find motivating), the 10‑year risk cutoff (which disadvantages younger people who may benefit from long‑term therapy), and the exclusion of non‑randomized evidence linking lifelong low LDL to reduced events.
- Some guideline development was contentious (long process, departures from earlier panels, committee withdrawals); many physicians may continue using LDL targets in practice, especially for high‑risk patients.

Other recommendations
- Continued emphasis on lifestyle: healthy diet patterns, regular moderate‑vigorous exercise (≈40 minutes, 3–4 times/week), weight management strategies and individualized weight‑loss programs; coronary artery calcium testing or other measures may be considered when risk is uncertain.
- Routine aspirin use is not addressed in these cholesterol guidelines; other non‑statin therapies remain appropriate for specific conditions (e.g., high triglycerides).

Bottom line: The new guidelines prioritize overall cardiovascular risk and statin therapy over LDL numeric targets, broaden the group eligible for statins, and aim to focus treatment where benefit is proven — a major paradigm shift that has prompted debate about implementation and potential consequences."
"44796"	"China's once-a-decade leadership transition this fall appears orderly on the surface—Vice President Xi Jinping is the clear successor to President Hu Jintao and Li Keqiang is expected to become premier—but beneath that calm the Communist Party faces mounting strains and internal divisions. The party is managing an economic slowdown (growth hit a three-year low of 7.6% in mid-2012), rising social unrest (hundreds of thousands of protests annually, including recent violent clashes in Shifang), territorial tensions abroad, and the damaging fall-out from the Bo Xilai scandal. Bo’s dramatic ouster and the criminal investigation of his wife exposed elite factionalism and fueled public skepticism about party corruption and secrecy.

Party leaders are moving to prevent instability ahead of the congress by tightening controls on dissent, media and activists, and by emphasizing security and “stability first.” Media outlets have seen editors removed or replaced after running critical pieces. Security chief Zhou Yongkang has urged officials to suppress trouble quickly, and the security apparatus has grown substantially—prompting concern among some leaders about its expanding influence.

Behind closed doors, senior leaders and retired elders are negotiating the composition and size of the new Politburo Standing Committee. Most seats (other than the top two) remain undecided; internal polling of cadres has been used to gauge support. Debates include whether to shrink the Standing Committee from nine to seven members and whether to downgrade or redistribute portfolios such as propaganda and the powerful “politics and law” (domestic security) role associated with Zhou. That portfolio’s expansion and Zhou’s backing of Bo are viewed by some as problematic.

Observers warn that while one-party rule is not immediately threatened, the party’s legitimacy is eroding as its implicit pact—political control in exchange for rising living standards—weaken. Demographic pressures, an aging workforce, external demand shocks, and stifled calls for reform make “muddling through” increasingly risky; significant future crises could force major reforms or seriously challenge Communist Party rule. The informal summer conclave at the Beidaihe seaside resort remains a key venue for resolving these power and policy questions away from public view."
"45753"	"An Episcopal priest in Long Beach, N.Y., 51-year-old Christopher King of St. James Episcopal Church, was arrested after investigators searching his parish residence found child pornography files on his computer and illegal drugs and paraphernalia in his church residence and office. Police say they recovered up to five video files depicting young boys, including children as young as 2–3 years old, in sexual activity. Authorities also seized about 12 grams of crystal meth and 38 nonprescribed Xanax pills. King faces five counts of possessing a sexual performance by a child and two counts of criminal possession of a controlled substance. He pleaded not guilty at arraignment, is held on $100,000 bond ($50,000 cash), and was due back in Nassau County court on Tuesday.

The Episcopal Diocese of Long Island immediately terminated King’s license to function as a priest and said it will provide pastoral care to the congregation and others affected; Bishop Lawrence C. Provenzano reiterated the church’s zero-tolerance policy for criminal conduct. Parishioners expressed shock, and authorities did not disclose how the investigation began."
"45962"	"Summary:

- The crawl used a seed list consisting of every host recorded in the Wayback Machine.
- It was executed at level 1, meaning it captured each starting URL and its embedded resources, plus the outbound links from those pages and their embedded resources.
- The WARC archive files produced by this crawl are currently not publicly accessible.
- Access to continue requires logging in."
"45994"	"Between May 2010 and May 2011 the 10 women on the magazine’s Highest-Paid TV Actresses list earned a combined $94 million — far less than top movie stars but still lucrative and offering advantages over film work. TV roles allow many actresses (especially working mothers) to remain in L.A. or New York, provide steady pay and long-term syndication income, and often offer richer, multi-season character development rather than one-note “girlfriend” parts.

Tina Fey and Eva Longoria tied for first, each earning $13 million. Fey’s income is boosted by her multi-hatted role on 30 Rock (star, producer and head writer) and the show’s strong DVD and syndication performance; she also published the bestselling book Bossypants during the period. Longoria benefited from her Desperate Housewives salary plus endorsements (L’Oreal, LG). Three other Desperate Housewives stars—Marcia Cross ($10 million), Felicity Huffman ($9 million) and Teri Hatcher ($9 million)—also made the list. Desperate Housewives helped revive ABC when it premiered in 2004, and despite declining ratings in its eighth and final season, the cast will continue to earn syndication royalties; older episodes air on Lifetime."
"46174"	"Key points
- Eating fruits and vegetables is strongly associated with lower risk of major noncommunicable diseases (NCDs) and premature death.
- A large meta-analysis (95 prospective studies, up to ~2 million people) led by Imperial College London found progressively greater benefits with higher intakes up to 800 g/day (about ten 80 g portions).
- Compared with eating none, daily intakes of:
  - 200 g (~2.5 portions) were associated with ~13–18% lower risk of cardiovascular outcomes and a 15% lower risk of premature death; cancer risk fell modestly (≈4%).
  - 800 g (~10 portions) were associated with ~24% lower risk of heart disease, ~33% lower risk of stroke, ~28% lower risk of cardiovascular disease, ~13% lower risk of total cancer, and ~31% lower risk of dying prematurely.
- The authors estimate that eating 800 g/day could potentially prevent about 7.8 million premature deaths worldwide each year.
- Specific items showing stronger links:
  - Cardiovascular disease and stroke: apples and pears, citrus, salads, green leafy vegetables (spinach, lettuce), cruciferous veg (broccoli, cabbage).
  - Cancer: green vegetables (spinach, green beans), yellow vegetables (peppers, carrots), cruciferous vegetables.
- Mechanisms likely include effects on blood pressure, cholesterol, vascular and immune function, antioxidant and phytochemical actions (e.g., glucosinolates), and beneficial influences on the gut microbiome.
- Benefits persisted after adjusting for confounders (weight, smoking, activity, overall diet), but not all included studies fully controlled for all lifestyle factors.
- Evidence was limited above 800 g/day and for effects of specific preparation methods; more research is needed on optimal types, amounts and cooking methods.
- Public health implications: findings support existing five-a-day (400 g) guidance and suggest greater benefits with higher intake, though feasibility and policy considerations (e.g., affordability, expectations) must be weighed.

Practical notes
- One portion ≈ 80 g (small banana/pear, or three heaped tablespoons of cooked vegetables).
- Many people fall short of five-a-day; increasing fruit and vegetable variety and portion frequency is a practical approach to boost intake."
"46925"	"Great Ormond Street Hospital (GOSH) announced on July 7, 2017 that it would seek a fresh High Court hearing in the case of Charlie Gard after receiving what it described as “fresh evidence” about an experimental treatment from two international hospitals and their researchers within the previous 24 hours. Charlie, an 11‑month‑old with mitochondrial depletion syndrome causing catastrophic and irreversible brain damage, has been in GOSH intensive care since October and doctors maintained that continuing life support only prolongs suffering. The hospital had previously won successive court rulings (High Court, Court of Appeal, Supreme Court and European Court of Human Rights) authorizing withdrawal of life support and forbidding transfer for nucleoside therapy abroad.

The new material includes a letter signed by seven clinicians and researchers—among them a US doctor who had offered to treat Charlie—claiming unpublished data suggest the experimental nucleoside therapy might improve his brain condition. They acknowledge the treatment would be experimental for Charlie and that ideally it would first be tested in mice, but argue there is no time for such preclinical trials in his case and respectfully advocate reconsideration.

GOSH said it shares the parents’ interest in exploring the claims but reiterated its view that previous independent experts found the therapy unjustified, futile and likely to prolong suffering. The hospital asked the High Court to objectively assess the new evidence; Mr Justice Francis is due to hear the matter. GOSH emphasized that its priority remains Charlie’s best interests and that it will continue to care for him and his family with respect and dignity. The case has drawn international attention, including comment from the Vatican and the White House."
"47823"	"A 15-year-old Bedford, Pennsylvania girl, Sadie L. Riggs, died by suicide Monday; her family says she hanged herself. In an obituary posted on the Louis Geisel Funeral Home website and shared on Facebook, the family said Sadie had been seeking help—was in counseling and taking medication—but “it was all too much for such a young soul to live with.” They described a difficult life and said a recent incident at school and ongoing bullying, including on social media, contributed to her distress. The obituary directly addressed the bullies, saying they made her “feel worthless,” urged them to change, and asked the community to practice kindness rather than send flowers. Bedford Area Superintendent Allen Sell noted the school cannot comment on specifics and pointed out the challenge of addressing bullying that occurs off school property or outside school hours; the district is offering counseling to students affected by Sadie’s death. Sadie was born Dec. 4, 2001, and is survived by her father and stepmother, her biological mother, and a maternal aunt with whom she lived. A funeral service is scheduled at Louis Geisel Funeral Home."
"48265"	"A 67-year-old Utah woman, Jan Harding, remains in critical condition after sipping sweet tea at a Dickey’s Barbecue Pit in South Jordan that was laced with a highly caustic industrial cleaner containing sodium hydroxide (lye). Harding took one sip, immediately felt burning, spat the drink out and later was hospitalized and airlifted to the University of Utah burn unit; she is intubated, largely unable to speak and being evaluated for internal injuries. Her attorney and police say a restaurant worker apparently mistook powdered cleaner for sugar and mixed it into the iced‑tea dispenser; investigators are reviewing video and interviewing staff but currently believe the contamination was accidental and that Harding was the only victim. The restaurant owner and the Dickey’s chain are cooperating with authorities; the Salt Lake County Health Department inspected the location, found chemicals labeled and separated from food, and is awaiting the criminal probe’s results before deciding on any violations. Authorities call the incident isolated and say the investigation is ongoing."
"48540"	"Summary:

Two weeks after an ambush in Niger that killed four U.S. soldiers and wounded two, U.S. officials and lawmakers are pressing for answers while the Pentagon conducts a review. AFRICOM has sent a team to collect basic facts — including troop locations, protective equipment, intelligence support, and response actions — amid significant confusion about the mission’s details (for example, who flew the medevac). The patrol of 12 U.S. Special Forces and about 30 Nigerien troops was on a routine train-and-advise mission near Tongo Tongo on Oct. 4 when it was attacked by an estimated 40–50 militants, likely ISIS in the Greater Sahara (ISIS-GS). U.S. forces returned fire; French Mirage jets arrived but did not engage. The fourth U.S. soldier’s body was not recovered until nearly two days later.

Senate Armed Services Committee chairman Sen. John McCain criticized the Trump administration for not being forthcoming and said he may subpoena information and could hold up defense nominations until the committee is fully informed. He and other senators are seeking “all the specifics.” Ranking member Sen. Jack Reed expressed less eagerness for a subpoena but also wants answers; Sen. Mike Rounds urged letting Defense Secretary Jim Mattis’s investigation proceed. National Security Adviser H.R. McMaster said he would improve communications after McCain complained; White House spokeswoman Sarah Sanders said the administration is still investigating. Defense Secretary Mattis said the department does not yet have all accurate information and will release findings as they become available.

Operationally, U.S. forces in Niger include five outposts and a drone base; the attack may be ISIS-GS’s first known strike on U.S. forces. The incident has also become politically contentious following criticism of President Trump’s handling of calls to the victims’ families."
"48598"	"Summary:

After two weeks at COP21 in Paris, 195 countries adopted the Paris Agreement — a historic, near-universal pact to curb climate change by limiting global temperature rise to “well below” 2°C while pursuing efforts to limit it to 1.5°C. The text combines legally binding procedural commitments (such as submitting national emissions targets and reporting progress every five years) with nonbinding national pledges (INDCs) on emissions cuts and timelines. It also sets an explicit long-term goal of reaching net-zero greenhouse gas emissions in the second half of the 21st century and includes provisions for developed countries to mobilize climate finance to help developing nations adapt and decarbonize, referencing the previously discussed $100 billion/year target though that figure appears only in the preamble rather than as a legally binding commitment.

Reactions were broadly positive: diplomats, officials and many experts called the agreement ambitious and a powerful signal to investors and businesses to shift toward low-carbon economies. The deal was praised for balancing the needs of developing countries with clearer long-term carbon goals and for establishing a mechanism to ratchet up ambition over time.

Criticisms and caveats: the national pledges on the table are currently insufficient to guarantee the 2°C target (estimates suggested existing INDCs would likely result in higher warming), the agreement does not impose binding emission reduction targets on countries, and it omits measures or explicit limits on sectors like aviation and shipping. It also does not establish liability or reparations from wealthy countries for past harms to poorer nations. The accord’s success will depend on follow-through: turning the commitments and review mechanism into progressively stronger action and finance."
"49729"	"A Philadelphia jury awarded 51-year-old Ella Ebaugh $57.1 million, a record verdict, after finding Johnson & Johnson’s Ethicon unit negligent and that its pelvic mesh product was defectively designed. Ebaugh received the TVT‑Secur mesh to treat stress urinary incontinence; the device eroded into her urethra and bladder, required three revision surgeries, left some mesh embedded, and caused chronic pelvic pain and disability. Thousands of similar lawsuits have been filed nationwide.

Court-disclosed internal Ethicon documents and emails raised serious concerns about the device’s rollout and the company’s handling of unfavorable data. The TVT‑Secur was launched in 2006 without a clinical trial under equivalence rules, despite early data suggesting higher failure rates than prior products. Some company staff discussed downplaying or delaying unfavorable results and complained about blurred lines between commercial and research units. Ethicon withdrew TVT‑Secur and other meshes in 2012.

Ethicon/J&J said pelvic mesh has benefited many patients, defended their research and marketing practices, and plans to appeal. Plaintiffs’ lawyers and some medical critics argue the documents show reckless behavior that harmed patients and point to regulatory gaps; major medical groups maintain mesh is safe for most patients but all surgical procedures carry risks. The FDA has received thousands of complaints about pelvic mesh from multiple manufacturers."
"50036"	"Tamara Lovett, 48, of Calgary was sentenced to three years in prison after her January conviction for criminal negligence causing the 2013 death of her seven-year-old son, Ryan. Justice Kristine Eidsvik said Lovett’s failure to seek medical care over about 10 days while Ryan was bedridden led to his “excruciating, unnecessary” death from a treatable Group A strep infection that had progressed to meningitis and pneumonia. At trial doctors testified antibiotics would have likely saved him; instead Lovett treated him at home with holistic remedies like dandelion tea and oil of oregano.

Crown counsel had sought four to five years; the defence proposed one year plus probation. The judge said the sentence was meant both to reflect the gravity of the crime and to deter other parents from failing to obtain medical care for sick children. Eidsvik accepted that Lovett’s remorse is genuine and noted her ongoing grief and mental-health struggles shown in a pre-sentence psychiatric report, but found her moral blameworthiness significant because Ryan was wholly dependent on her decisions.

The judge also rejected a bid by the defence for a stay of proceedings based on Charter delay under the Supreme Court’s Jordan framework, finding the transitional exception applied despite the 38-month court timeline. Lovett, who had been on bail, was taken into custody after sentencing. Prosecutors emphasized the ruling’s message: if a child is not improving, parents are legally and morally obliged to seek actual medical care."
"50663"	"Police arrested a man after a late-night altercation and shooting inside the Excalibur Hotel and Casino on March 18, 2014. Staff and performers for the male revue Thunder From Down Under noticed a man moving through backstage and the auditorium wearing a mismatched outfit (SWAT hat and shoes, firefighter shirt) and later discovered costumes and makeup missing from dressing rooms. When two performers confronted him about a suitcase full of stolen show costumes, a struggle ensued. The suspect drew a .44 Magnum, threatened to shoot and fired one round that struck a wall; the performers pushed the gun away and subdued him until security and Las Vegas Metro officers arrived.

The man gave a false name to police; booking records later linked the incident to Joey Kadmiri, 24. He was taken to University Medical Center for injuries sustained in the fight and was reportedly violent with hospital staff before being sedated. He was booked on counts of attempted murder with a deadly weapon, attempted robbery with a deadly weapon, and burglary with a deadly weapon. One entertainer was treated for a minor injury and released; no one was hit by gunfire. MGM Resorts said the Thunder show remained on schedule the following day."
"52810"	"At least 20–21 people were killed and around 8–10 others wounded after a gunfight erupted at a wedding in Dih Salah (Charkara) district, Baghlan province in northern Afghanistan late on Sunday. Provincial and district officials said the shooting began after a heated verbal dispute between two groups attending the wedding — reportedly long-standing rivals or members of local illegal militias — and escalated when a security official fired into the air. Most victims were male guests aged roughly 14–60; some reports say two teenagers were among the dead and two wounded. Authorities sent a delegation to investigate; accounts of the exact death and injury toll vary. The incident underscores worsening insecurity in northern provinces as insurgent activity and local violence rise. Afghan civilians have frequently been harmed by celebratory or feud-related gunfire and by militant attacks in recent years, even as the government engages in talks with the Taliban."
"52895"	"Two 17-year-old students and friends from Plano East Senior High School, Ritu Sachdeva and Hillary Kate Kuizon, were found dead within hours of each other over a weekend in Murphy, Texas. Relatives discovered Sachdeva at her home shortly after midnight; Kuizon’s body was found a few hours later in a wooded area south of Kimbrough Stadium. Murphy police say both deaths are being investigated as likely suicides, with no evidence of foul play so far. Investigators are interviewing family members to determine whether the deaths are connected and whether a possible suicide pact exists; the medical examiner will determine official causes of death. Plano ISD and the school provided grief counselors, lowered flags to half-staff, and student peers expressed shock and sadness. Authorities said there is no known threat to the community and urged anyone struggling with suicidal thoughts to seek help."
"53046"	"Susan Olsen, best known as Cindy Brady on The Brady Bunch, was fired from her co-hosting role on LA Talk Radio’s Two Chicks Talkin’ Politics after a confrontation with openly gay actor Leon Acord-Whiting. Following a December 7 episode in which Olsen interviewed Acord-Whiting, he posted on Facebook accusing her of spreading “outrageous misinformation” and calling for the station to remove her. Olsen replied on Facebook and — according to Acord-Whiting, who posted a screenshot — sent a private, expletive-filled, homophobic message to him. In response, LA Talk Radio announced on December 9 that it had severed ties with Olsen, citing its commitment to the LGBT community and a policy against hateful speech."
"54355"	"This piece traces how chess has been transformed by online streaming and eSports, making the game louder, faster and more accessible while exposing tensions around tradition and inclusivity.

Key developments and personalities
- Eric “Chessbrah” Hansen: A Canadian grandmaster who built a popular, irreverent Twitch brand by livestreaming long, party‑infused sessions that mix high-level play with trash talk, music and stunt-like antics. Chessbrah intentionally rejects the staid chess stereotype to attract younger players who might otherwise be intimidated by the game’s image.
- John Bartholomew: An International Master who represents the opposite, educational end of the spectrum. His clear, beginner-friendly YouTube and Twitch content teaches fundamentals, draws large audiences, and helps players improve. He’s quietly building a personal brand while pursuing the GM title.
- Chess.com and Danny Rensch: The platform sits between entertainment and education, operating as the central hub for online chess (like ESPN plus a global amateur league). Chess.com helped professionalize streaming, shortened time controls to favor spectator excitement, launched shows (like “Bullet Brawls”) and built the PRO Chess League. Rensch pushed partnerships with Twitch and shaped programming around fan interaction and faster, more watchable formats.

How streaming changed chess
- Format and pacing: Online play favors faster time controls (more mistakes, more suspense), webcams, chat interaction, and frequent, bite-sized content—attributes that make chess more watchable and suitable as an eSport.
- Community and monetization: Streamers earn via subscriptions and donations; personalities build direct relationships with viewers. Big events (e.g., Speed Chess Championship, PRO Chess League finals) have drawn tens of thousands of concurrent viewers on Twitch, demonstrating market demand.
- Cultural shift: Streaming blends European communal chess culture (playing socially, in bars) with North American livestream sensibilities (loud personalities, controversy). This has broadened chess’s appeal but also provoked pushback from traditionalists.

Challenges and criticisms
- Polarized reactions: Provocative channels like Chessbrah initially drew hostility from established chess communities but succeeded by leveraging personality and accessibility alongside genuine chess skill.
- Sexism and moderation: The male-dominated streaming culture reproduces online harassment and sexist comments; female streamers like Alexandra Botez face misogynistic chat and rely on moderators to maintain safety and a positive community.
- Production and culture: Hansen and others note streaming production values and chess’s conservative culture still limit growth; platforms and creators are experimenting to improve viewer experience.

Broader impacts and outlook
- Mainstreaming chess: Streaming has created new revenue streams and fanbases, encouraged top players to engage directly with audiences, and made chess events more spectator-friendly (e.g., PRO Chess League finals in public venues streamed globally).
- Educational opportunities: Streamers like Bartholomew and Chess.com programs provide accessible instruction, helping novices learn without wading through dense books.
- Future: Chess.com’s deals with Twitch and continued league growth aim to normalize streaming for a wider range of players, turning streamed chess into an enduring eSport ecosystem where players monetize year‑round via personal channels and high-profile events.

Short news roundup (additional briefs)
- Delhi International Chess Festival: GM Levan Pantsulaia won the main event; the tournament drew 2,810 players and set a FIDE Swiss record in Category C.
- Computer chess: Stockfish won the Rapid Computer Championship; Lc0 emerged as a strong challenger. Bullet events continue.
- Various chess highlights: Articles and recaps on historic matches (Deep Blue vs Kasparov), classic games (Ivanchuk vs Anand), tips on openings and prearranged draws, Tata Steel standings (Nepomniachtchi joins Carlsen and Anand in lead), and streamer leaderboards and PRO Chess League match previews.

Overall takeaway: Streaming has ushered chess into a new era—more social, performative and spectator-focused—expanding its audience and commercial prospects while surfacing cultural and moderation challenges that the community must address as the game grows online."
"54664"	"Sen. John McCain said he would withdraw his support for Indiana Senate candidate Richard Mourdock unless Mourdock apologized for recent remarks that pregnancies from rape are ""something God intended."" McCain told CNN he would forgive Mourdock if he ""owns up"" and apologizes; after Mourdock held a press conference saying he regretted being misinterpreted and clarified his remarks, McCain’s spokesman later said McCain still supports him.

The controversy began when Mourdock said during an Indiana debate that pregnancy from rape is part of God's intent and that the only abortion exception he accepts is to save the mother’s life. The comment drew criticism from both parties: President Obama called the statement wrong and used it to argue against politicians—mostly men—making decisions about women’s health, and Democrats pressed Mitt Romney to withdraw his endorsement and pull a TV ad in which Romney appears with Mourdock. Romney’s campaign distanced Romney from Mourdock’s views but continued to support him and did not ask for the ad to be removed. The Obama campaign also released video juxtaposing the ad with Mourdock’s remarks."
"55541"	"D.C. Council members Elissa Silverman and David Grosso introduced the Universal Paid Leave Act of 2015, a proposal to create one of the nation’s most generous paid-leave programs. Key points:

- Benefit: Up to 16 weeks of paid leave for nearly all D.C. workers for family or medical reasons — bonding with a new child (birth, adoption, foster), caring for a seriously ill family member, recovering from illness, or recuperating from military deployment.
- Eligibility: Employees of private businesses, organizations or companies based in D.C. would be covered regardless of where they live. D.C. residents who work outside the city and federal employees who live in D.C. could opt in by making personal contributions; Maryland and Virginia residents who work for the federal government in D.C. would be excluded.
- Funding and administration: A city-managed Family and Medical Leave Fund would finance benefits similar to unemployment insurance. Employers would pay contributions on a sliding scale tied to wages (e.g., about 1% on salaries above $150,000, 0.8% for $50k–$150k, down to 0.6% for minimum-wage workers). Self-employed residents may opt out. Benefit payments would cover 100% of the first $1,000/week and 50% of additional earnings, up to a cap of $3,000/week.
- Rationale: Supporters argue the program would reduce the tough choice many parents face between paychecks and caregiving, help low-income workers most, improve worker retention and productivity, and encourage women’s labor-force participation — bringing D.C. closer to practices common in other developed countries.
- Opposition and concerns: The D.C. Chamber of Commerce and some businesses warn the employer-funded model could raise costs, harm competitiveness, and prompt relocations. Council proponents counter that pooled funding and employer benefits (loyalty, productivity) mitigate those concerns. The D.C. Chief Financial Officer will estimate costs as the bill moves through committee.
- Context and backing: The legislation drew on a Labor Department–funded study and models from California, New Jersey and Rhode Island. It has several co-sponsors on the Council, enough initial support to potentially pass locally, and praise/support from the Obama administration and numerous advocacy groups.

The bill was referred to committee for hearings and markup; it requires two Council votes and the mayor’s approval to become law."
"56054"	"This document compiles policy positions from Donald J. Trump on immigration, taxes, and gun rights, arguing they will “Make America Great Again.” Key proposals and arguments:

Immigration
- Central principles: secure borders (a southern wall), enforce laws, and prioritize American workers’ jobs, wages, and security.
- Border security: build a permanent wall, detain rather than “catch-and-release,” triple ICE officers, implement nationwide E-Verify, end birthright citizenship, defund sanctuary cities, enhance penalties for visa overstays, and require mandatory return of criminal aliens. Increase cooperation with local gang task forces.
- Funding and leverage: demand Mexico pay for the wall and use measures such as impounding remittances, raising fees on Mexican visas and border-crossing cards, tariffs, and cutting foreign aid if needed.
- Economic and social impact: asserts that illegal immigration burdens taxpayers (healthcare, education, welfare), raises crime, and depresses wages—particularly harming black and low-income workers.
- Long-term labor and admission reforms: pause new green cards until employers hire from the domestic unemployed pool; require employers to try domestic hires first; end welfare abuse by immigrants; limit refugee admissions and repurpose savings to help American children; terminate J-1 program and prioritize jobs for inner-city youth.
- High-skilled visas: raise prevailing wages for H-1B workers and resist large increases in visa numbers to protect domestic STEM and minority employment.

Tax Reform
- Individual taxes: compress seven brackets into three (12%, 25%, 33% for married filers under proposed thresholds), repeal the 3.8% investment tax and AMT, increase the standard deduction ($30,000 joint / $15,000 single), eliminate personal exemptions and head-of-household status, and cap itemized deductions.
- Childcare and family: above-the-line childcare deduction for most families, Dependent Care Savings Accounts with government matches for low-income families, and EITC-linked rebates for childcare.
- Death tax: repeal estate tax with capital gains at death taxed but exempt first $10M to protect small businesses/farms; restrict certain charitable transfer tactics.
- Business taxes: cut corporate rate from 35% to 15% for businesses retaining profits, eliminate most corporate tax expenditures except R&D credit, offer deemed repatriation at 10%, and create an option to expense capital investment for domestic manufacturers (with tradeoffs).
- Overall claim: these changes would simplify the code, spur growth, and not increase deficits via growth and base-broadening; Trump projected 3–6% GDP growth.

Second Amendment and Crime Policy
- Absolute support for the Second Amendment: oppose gun and magazine bans, defend law-abiding owners’ rights, and promote a national concealed-carry reciprocity (“national right to carry”).
- Enforcement and crime reduction: advocate tougher prosecution of violent criminals (citing Project Exile), expand federal prosecution and penalties for gun-involved crimes, and empower law-abiding citizens to self-defense.
- Background checks and system fixes: oppose expanding background-check frameworks, but call for improving the existing system by ensuring states submit criminal and mental-health records.
- Mental health: emphasize fixing mental-health services and expanding treatment to prevent violence.
- Military and security: allow firearms on military bases and at recruiting centers for defense.

Tone and framing: The document frames immigration and trade as having harmed American workers and blames foreign governments and political elites. It emphasizes law-and-order, nationalist economic priorities, and aggressive immigration enforcement while promising significant tax cuts and regulatory simplification."
